Player,Age,Pos,Team,TOI Org ES,TOI Org PP,TOI Org PK,GP Org,GP,TOI ES,TOI PP,TOI PK,Total TOI,Goals,Assists,Points,PPG,PPA,PP Points,SHP,Hits,BLK,PIM,FOW,FOL,SOG,VOR,Rank,Unadj VOR,Pts,Fantasy Team,,
Connor McDavid,28,C,EDM,17.43,3.65,0.65,79,79,17.43,3.65,0.65,21.73,42,91,133,11,39,50,2,99,41,38,467,445,289,1141,1,2217,568,,,Use the button below to reset the TOI for the Skater Projections
Brady Tkachuk,25,"C,LW",OTT,15.40,3.59,0.00,81,81,15.40,3.59,0.00,18.99,38,37,75,13,9,22,0,261,29,135,225,215,337,1017,3,1881,487,,,
Nathan MacKinnon,29,C,COL,18.02,4.29,0.00,78,78,18.02,4.29,0.00,22.31,43,73,116,11,29,40,0,52,59,43,544,651,379,989,4,2066,622,,,
Matthew Tkachuk,27,"LW,RW",FLA,14.40,4.03,0.45,80,80,14.40,4.03,0.45,18.88,35,60,95,13,23,36,1,117,30,95,12,15,280,861,7,1598,478,,,
Nikita Kucherov,31,RW,TB,17.16,3.87,0.00,81,81,17.16,3.87,0.00,21.03,37,81,118,11,35,46,0,46,32,33,7,7,284,837,9,1575,528,,,
Kirill Kaprizov,27,LW,MIN,17.09,4.03,0.00,79,79,17.09,4.03,0.00,21.12,45,60,105,18,29,47,0,58,39,39,6,7,296,675,16,1539,532,,,
Mikko Rantanen,28,RW,COL,18.01,4.41,0.00,81,81,18.01,4.41,0.00,22.42,42,57,99,13,25,38,0,49,50,67,252,230,275,857,8,1595,496,,,
Roman Josi,34,D,NSH,20.30,3.63,0.63,80,80,20.30,3.63,0.63,24.56,19,59,78,8,23,31,1,46,156,45,0,0,270,876,6,1187,472,,,
JT Miller,31,"C,RW",VAN,14.64,3.60,1.31,82,82,14.64,3.60,1.31,19.55,31,60,91,10,27,37,3,191,60,57,738,587,197,1099,2,1837,406,,,Use the button below to reset the GP for the Skater Projections
David Pastrnak,28,RW,BOS,15.83,3.71,0.00,82,82,15.83,3.71,0.00,19.54,47,52,99,14,20,34,0,65,25,37,13,20,376,698,13,1436,578,,,
Auston Matthews,27,C,TOR,16.75,3.39,0.78,80,80,16.75,3.39,0.78,20.92,56,45,101,15,16,31,1,80,94,22,673,591,361,827,10,1903,601,,,
Leon Draisaitl,29,"C,LW",EDM,16.75,3.60,0.60,80,80,16.75,3.60,0.60,20.95,41,67,108,21,23,44,2,53,33,46,798,627,228,987,5,1851,465,,,
Rasmus Dahlin,24,D,BUF,21.10,3.08,1.23,80,80,21.10,3.08,1.23,25.41,15,46,61,4,19,23,0,148,145,77,0,0,205,786,11,1097,372,,,
Dougie Hamilton,31,D,NJ,18.95,3.00,0.38,77,77,18.95,3.00,0.38,22.33,15,55,70,7,28,35,0,54,103,59,0,0,241,720,12,1031,413,,,
Cale Makar,26,D,COL,18.28,3.95,2.58,76,76,18.28,3.95,2.58,24.81,18,61,79,6,29,35,2,50,131,26,0,0,208,689,15,1000,411,,,
Artemi Panarin,33,LW,NYR,16.32,3.39,0.00,82,82,16.32,3.39,0.00,19.71,34,72,106,9,33,42,0,16,17,29,7,13,251,347,29,1211,468,,,
Evan Bouchard,25,D,EDM,18.74,3.60,0.42,81,81,18.74,3.60,0.42,22.76,14,56,70,6,24,30,0,74,110,35,0,0,209,554,17,865,381,,,
Quinn Hughes,25,D,VAN,20.12,3.85,0.80,81,81,20.12,3.85,0.80,24.77,11,71,82,3,35,38,0,27,70,36,0,0,174,542,18,853,357,,,
Sidney Crosby,37,C,PIT,16.20,3.45,0.00,82,82,16.20,3.45,0.00,19.65,37,59,96,10,20,30,0,78,44,46,997,763,256,690,14,1766,459,,,
Adam Fox,26,D,NYR,18.34,3.45,1.71,80,80,18.34,3.45,1.71,23.50,12,62,74,3,31,34,3,37,136,35,0,0,148,530,19,841,345,,,
Filip Forsberg,30,LW,NSH,15.10,3.32,0.00,79,79,15.10,3.32,0.00,18.42,40,43,83,10,17,27,0,123,46,35,13,13,293,296,35,1161,474,,,
Charlie McAvoy,27,D,BOS,19.08,3.03,2.19,77,77,19.08,3.03,2.19,24.30,10,45,55,2,18,20,0,137,160,67,0,0,132,513,20,824,295,,,
Jack Hughes,23,"C,LW",NJ,16.89,3.80,0.00,79,79,16.89,3.80,0.00,20.69,40,55,95,12,24,36,0,10,33,11,157,271,335,324,33,1188,533,,,
Mitchell Marner,27,RW,TOR,15.82,3.22,2.11,80,80,15.82,3.22,2.11,21.15,29,68,97,8,25,33,3,58,54,25,11,18,194,309,34,1046,404,,,
Alex Ovechkin,39,LW,WSH,14.77,4.39,0.00,81,81,14.77,4.39,0.00,19.16,37,39,76,13,17,30,0,154,29,31,6,8,287,223,44,1087,451,,,
Josh Morrissey,29,D,WPG,20.66,3.29,0.54,81,81,20.66,3.29,0.54,24.49,12,51,63,3,19,22,0,89,120,49,0,0,183,451,21,762,341,,,
John Carlson,35,D,WSH,19.49,3.39,2.46,81,81,19.49,3.39,2.46,25.34,13,45,58,6,16,22,1,66,181,32,0,0,195,431,22,742,370,,,
Erik Karlsson,34,D,PIT,20.61,3.34,0.28,82,82,20.61,3.34,0.28,24.23,14,58,72,3,22,25,0,37,101,38,0,0,198,428,23,739,366,,,
William Nylander,28,RW,TOR,15.31,3.32,0.84,82,82,15.31,3.32,0.84,19.47,37,52,89,11,21,32,1,24,32,25,52,60,295,294,36,1032,481,,,
Noah Dobson,25,D,NYI,19.88,2.96,1.00,80,80,19.88,2.96,1.00,23.84,11,48,59,3,19,22,0,71,167,30,0,0,192,400,24,711,361,,,
Sam Reinhart,29,"C,RW",FLA,14.25,3.67,1.99,82,82,14.25,3.67,1.99,19.91,41,42,83,20,13,33,4,66,59,20,230,275,220,339,31,1076,420,,,
MacKenzie Weegar,31,D,CGY,18.73,1.69,2.07,81,81,18.73,1.69,2.07,22.49,11,33,44,1,8,9,2,167,172,51,0,0,181,354,26,665,318,,,
Miro Heiskanen,25,D,DAL,20.46,3.20,0.96,79,79,20.46,3.20,0.96,24.62,10,53,63,3,25,28,0,55,111,35,0,0,180,353,27,664,339,,,
Moritz Seider,23,D,DET,17.51,2.42,2.56,82,82,17.51,2.42,2.56,22.49,7,34,41,2,13,15,1,178,201,43,0,0,138,352,28,663,288,,,
Steven Stamkos,34,"C,LW",NSH,14.37,3.60,0.44,78,78,14.37,3.60,0.44,18.41,35,44,79,15,18,33,0,73,45,38,399,349,236,325,32,1190,417,,,
Victor Hedman,34,D,TB,18.89,3.18,2.28,74,74,18.89,3.18,2.28,24.35,11,50,61,3,21,24,1,61,118,48,0,0,160,345,30,656,318,,,
Brad Marchand,36,LW,BOS,13.88,3.17,1.72,79,79,13.88,3.17,1.72,18.77,25,45,70,7,19,26,3,93,33,88,27,35,204,102,63,967,353,,,
Jason Robertson,25,LW,DAL,15.41,2.93,0.00,82,82,15.41,2.93,0.00,18.34,35,52,87,11,19,30,0,64,30,24,5,5,250,85,67,950,433,,,
Vincent Trocheck,31,C,NYR,15.95,3.22,1.40,82,82,15.95,3.22,1.40,20.57,25,44,69,10,11,21,1,155,70,70,806,590,209,370,25,1446,366,,,
Elias Pettersson,26,"C,LW",VAN,14.49,3.76,1.49,82,82,14.49,3.76,1.49,19.74,33,49,82,11,19,30,3,95,71,15,385,397,217,281,37,1145,410,,,
Zach Hyman,32,"LW,RW",EDM,15.99,3.35,0.86,81,81,15.99,3.35,0.86,20.20,43,31,74,13,7,20,1,75,38,44,19,20,279,158,52,895,440,,,
Drew Doughty,35,D,LA,20.32,3.11,2.25,55,55,20.32,3.11,2.25,25.68,7,28,35,3,12,15,0,68,90,32,0,0,98,-309,178,2,199,,,
Jake Guentzel,30,LW,TB,16.13,3.48,0.00,78,78,16.13,3.48,0.00,19.61,37,46,83,9,16,25,0,56,40,37,12,22,257,72,70,936,434,,,
Tom Wilson,30,RW,WSH,14.10,2.03,1.73,74,74,14.10,2.03,1.73,17.86,22,20,42,6,5,11,1,198,70,134,24,39,161,149,54,886,269,,,
Travis Konecny,27,"LW,RW",PHI,15.15,2.94,1.64,80,80,15.15,2.94,1.64,19.73,29,40,69,6,10,16,5,82,43,79,44,59,245,156,53,894,386,,,
Andrei Svechnikov,24,"LW,RW",CAR,14.39,2.73,0.00,74,74,14.39,2.73,0.00,17.12,25,38,63,7,14,21,0,161,26,75,9,10,199,127,59,864,330,,,
Vince Dunn,28,D,SEA,20.04,2.74,0.37,79,79,20.04,2.74,0.37,23.15,11,45,56,2,16,18,1,60,95,76,0,0,149,276,38,587,285,,,
Adrian Kempe,28,"C,RW",LA,14.09,2.99,1.64,81,81,14.09,2.99,1.64,18.72,31,34,65,7,15,22,3,106,36,60,13,20,247,107,61,845,387,,,
Matt Boldy,23,"LW,RW",MIN,14.57,4.02,0.54,78,78,14.57,4.02,0.54,19.13,31,43,74,11,21,32,0,36,39,38,51,60,239,102,64,839,405,,,
Jack Eichel,28,C,VGK,14.80,3.58,1.58,81,81,14.80,3.58,1.58,19.96,35,41,76,9,16,25,2,41,86,24,487,584,321,143,55,1219,497,,,
Jacob Trouba,30,D,NYR,17.99,0.70,2.65,80,80,17.99,0.70,2.65,21.34,6,22,28,1,2,3,2,193,203,70,0,0,160,255,40,566,276,,,
Kris Letang,37,D,PIT,20.08,2.00,2.11,81,81,20.08,2.00,2.11,24.19,9,40,49,2,8,10,2,134,139,49,0,0,167,246,41,557,298,,,
Mikhail Sergachev,26,D,UTA,18.48,1.93,2.32,80,80,18.48,1.93,2.32,22.73,7,43,50,1,17,18,1,87,159,50,0,0,133,244,42,555,283,,,
Kevin Fiala,28,LW,LA,14.67,3.04,0.00,81,81,14.67,3.04,0.00,17.71,28,49,77,9,19,28,0,56,27,55,14,28,231,16,79,880,390,,,
Joel Eriksson Ek,28,C,MIN,14.01,3.70,2.31,80,80,14.01,3.70,2.31,20.02,32,31,63,16,9,25,1,144,58,45,769,793,263,264,39,1340,411,,,
Morgan Rielly,30,D,TOR,20.08,2.66,0.72,76,76,20.08,2.66,0.72,23.46,8,48,56,2,18,20,0,80,127,31,0,0,170,226,43,537,316,,,
Mats Zuccarello,37,RW,MIN,14.93,3.81,0.00,77,77,14.93,3.81,0.00,18.74,19,59,78,8,32,40,0,29,51,30,33,51,183,77,69,814,361,,,
Darnell Nurse,29,D,EDM,18.50,1.08,2.60,81,81,18.50,1.08,2.60,22.18,10,25,35,1,3,4,2,155,167,64,0,0,179,209,46,520,294,,,
Brandon Montour,30,D,SEA,18.88,2.50,0.73,77,77,18.88,2.50,0.73,22.11,11,33,44,2,15,17,0,92,89,73,0,0,181,205,47,516,293,,,
Jakob Chychrun,26,D,WSH,19.37,2.62,0.44,79,79,19.37,2.62,0.44,22.43,13,30,43,5,6,11,0,69,142,62,0,0,203,197,48,508,328,,,
Tim Stutzle,23,"C,LW",OTT,16.59,3.67,0.87,78,78,16.59,3.67,0.87,21.13,25,49,74,5,20,25,1,98,51,41,236,287,203,82,68,947,364,,,
John Tavares,34,C,TOR,14.65,2.96,0.00,80,80,14.65,2.96,0.00,17.61,32,38,70,13,14,27,0,114,41,33,762,530,261,211,45,1287,415,,,
Timo Meier,28,"LW,RW",NJ,15.35,3.00,0.00,76,76,15.35,3.00,0.00,18.35,33,33,66,12,11,23,0,120,48,48,48,49,265,184,49,921,413,,,
Evgeni Malkin,38,C,PIT,14.86,3.35,0.00,82,82,14.86,3.35,0.00,18.21,28,48,76,9,19,28,0,30,41,67,376,408,211,-9,89,1067,376,,,
Jesper Bratt,26,"LW,RW",NJ,14.80,3.24,1.02,82,82,14.80,3.24,1.02,19.06,29,53,82,7,19,26,1,44,36,15,12,18,234,0,87,738,403,,,
Sebastian Aho,27,C,CAR,14.74,2.93,1.77,80,80,14.74,2.93,1.77,19.44,35,47,82,9,17,26,3,54,26,40,564,495,219,63,72,1139,392,,,
Aleksander Barkov,29,C,FLA,14.19,3.49,2.03,74,74,14.19,3.49,2.03,19.71,27,55,82,8,22,30,3,76,53,19,655,499,203,112,60,1188,384,,,
Radko Gudas,34,D,ANA,16.18,0.00,2.89,73,73,16.18,0.00,2.89,19.07,4,13,17,0,0,0,1,250,154,103,0,0,99,134,57,445,180,,,
Zach Werenski,27,D,CBJ,20.19,2.72,1.27,80,80,20.19,2.72,1.27,24.18,13,41,54,2,11,13,0,28,148,20,0,0,226,128,58,439,370,,,
Mathew Barzal,27,"C,RW",NYI,16.54,3.11,0.00,80,80,16.54,3.11,0.00,19.65,21,55,76,4,22,26,0,42,47,30,90,124,214,3,84,741,372,,,
Drake Batherson,26,"LW,RW",OTT,15.00,3.19,0.00,82,82,15.00,3.19,0.00,18.19,25,40,65,8,16,24,0,99,35,46,38,54,204,-27,91,711,344,,,
Mika Zibanejad,31,C,NYR,14.36,3.31,1.91,81,81,14.36,3.31,1.91,19.58,28,50,78,13,19,32,4,48,55,23,571,585,219,38,74,1114,396,,,
Sean Durzi,26,D,UTA,17.93,2.50,1.30,77,77,17.93,2.50,1.30,21.73,8,32,40,2,15,17,0,52,167,58,0,0,133,103,62,414,272,,,
Nazem Kadri,34,C,CGY,14.99,2.86,0.26,82,82,14.99,2.86,0.26,18.11,28,42,70,9,12,21,0,57,29,61,577,611,265,33,76,1109,404,,,
Tage Thompson,27,"C,RW",BUF,14.43,2.79,0.85,77,77,14.43,2.79,0.85,18.07,33,33,66,10,9,19,1,71,32,39,382,512,264,142,56,880,401,,,
Jonathan Marchessault,34,RW,NSH,14.40,3.13,0.00,81,81,14.40,3.13,0.00,17.53,34,32,66,9,12,21,0,83,24,35,17,30,257,-53,93,685,395,,,
Connor Bedard,19,C,CHI,16.07,3.68,0.00,81,81,16.07,3.68,0.00,19.75,32,42,74,8,16,24,0,63,36,39,267,367,250,-138,114,938,406,,,
Chris Kreider,33,LW,NYR,13.62,3.32,1.60,81,81,13.62,3.32,1.60,18.54,39,28,67,16,10,26,4,95,30,27,43,64,234,-121,110,743,388,,,
Noah Hanifin,28,D,VGK,19.20,2.75,2.36,81,81,19.20,2.75,2.36,24.31,11,39,50,3,13,16,3,58,130,29,0,0,180,90,65,401,316,,,
Brandt Clarke,21,D,LA,17.25,2.25,0.00,77,77,17.25,2.25,0.00,19.50,10,31,41,2,11,13,0,52,146,56,0,0,175,88,66,399,300,,,
Carter Verhaeghe,29,"C,LW",FLA,14.67,2.93,0.00,80,80,14.67,2.93,0.00,17.60,33,40,73,6,14,20,0,53,25,44,38,44,245,-130,111,734,393,,,
Mike Matheson,30,D,MTL,18.85,2.50,2.80,79,79,18.85,2.50,2.80,24.15,10,37,47,2,13,15,2,60,160,47,0,0,166,174,51,485,309,,,
Clayton Keller,26,"LW,RW",UTA,15.95,3.27,0.74,81,81,15.95,3.27,0.74,19.96,32,42,74,7,15,22,1,17,38,41,36,46,225,-60,94,678,383,,,
Juraj Slafkovsky,20,LW,MTL,15.75,3.01,0.00,81,81,15.75,3.01,0.00,18.76,24,34,58,5,10,15,0,147,71,66,27,26,164,-141,117,724,302,,,
Brent Burns,39,D,CAR,16.76,2.65,2.25,82,82,16.76,2.65,2.25,21.66,10,39,49,4,18,22,1,36,104,32,0,0,191,68,71,379,319,,,
Alex DeBrincat,27,"LW,RW",DET,14.99,3.08,0.00,82,82,14.99,3.08,0.00,18.07,28,36,64,11,12,23,0,67,38,39,20,26,237,-84,100,653,376,,,
Ryan Nugent-Hopkins,31,"C,LW",EDM,14.30,3.45,1.82,81,81,14.30,3.45,1.82,19.57,22,50,72,6,25,31,3,55,38,33,246,279,185,-61,95,804,343,,,
Brayden Point,28,C,TB,16.10,3.60,0.00,80,80,16.10,3.60,0.00,19.70,40,40,80,14,13,27,0,28,42,22,318,358,218,-165,128,911,400,,,
Rasmus Andersson,28,D,CGY,19.13,2.43,2.27,80,80,19.13,2.43,2.27,23.83,8,36,44,2,12,14,3,43,169,36,0,0,153,36,75,347,293,,,
Shea Theodore,29,D,VGK,18.69,2.95,0.00,75,75,18.69,2.95,0.00,21.64,9,48,57,2,17,19,0,19,120,18,0,0,166,28,77,339,311,,,
Lane Hutson,21,D,MTL,20.25,2.50,0.00,76,76,20.25,2.50,0.00,22.75,8,45,53,2,17,19,0,48,56,41,0,0,154,-28,92,283,268,,,
Sam Bennett,28,C,FLA,14.05,1.99,0.69,78,78,14.05,1.99,0.69,16.73,24,27,51,6,8,14,1,162,46,80,441,527,213,-112,108,964,325,,,
Alex Pietrangelo,35,D,VGK,18.49,2.00,2.63,77,77,18.49,2.00,2.63,23.12,8,33,41,2,9,11,1,52,186,30,0,0,166,17,78,328,304,,,
Justin Faulk,32,D,STL,18.65,1.93,1.61,78,78,18.65,1.93,1.61,22.19,9,32,41,2,6,8,1,102,133,43,0,0,162,15,80,326,278,,,
Brock Faber,22,D,MIN,19.12,2.49,2.93,82,82,19.12,2.49,2.93,24.54,7,37,44,2,15,17,1,62,150,33,0,0,135,15,81,326,272,,,
Jeremy Lauzon,27,D,NSH,15.97,0.00,2.36,78,78,15.97,0.00,2.36,18.33,4,9,13,0,0,0,1,319,107,84,0,0,93,11,82,322,150,,,
Filip Hronek,27,D,VAN,19.45,1.86,1.89,79,79,19.45,1.86,1.89,23.20,7,40,47,2,10,12,0,96,94,46,0,0,142,5,83,316,255,,,
Neal Pionk,29,D,WPG,17.51,1.81,1.64,82,82,17.51,1.81,1.64,20.96,6,25,31,1,4,5,0,190,123,52,0,0,137,0,86,311,230,,,
Seth Jones,30,D,CHI,19.95,3.11,2.12,75,75,19.95,3.11,2.12,25.18,9,29,38,3,9,12,1,82,149,33,0,0,178,0,87,311,298,,,
Martin Pospisil,25,"C,RW",CGY,13.00,0.50,0.00,76,76,13.00,0.50,0.00,13.50,13,19,32,1,1,2,0,260,31,121,50,55,150,-134,113,603,210,,,
Jordan Kyrou,26,"C,RW",STL,15.20,2.93,0.00,81,81,15.20,2.93,0.00,18.13,31,40,71,8,14,22,0,19,35,25,9,12,246,-157,123,580,395,,,
Thomas Chabot,28,D,OTT,19.95,2.83,0.55,75,75,19.95,2.83,0.55,23.33,11,31,42,2,10,12,0,64,132,39,0,0,167,-9,90,302,289,,,
Dylan Larkin,28,C,DET,15.29,3.15,1.61,74,74,15.29,3.15,1.61,20.05,30,39,69,11,13,24,2,43,37,45,736,609,228,1,85,1077,378,,,
Claude Giroux,37,"C,RW",OTT,15.09,2.78,1.68,82,82,15.09,2.78,1.68,19.55,23,49,72,4,19,23,2,45,32,31,675,496,189,175,50,912,337,,,
Frank Vatrano,30,"C,LW",ANA,13.72,2.19,1.73,81,81,13.72,2.19,1.73,17.64,27,20,47,7,5,12,1,119,71,60,15,23,245,-255,151,609,358,,,
Pavel Buchnevich,29,"C,LW",STL,14.82,2.99,1.72,77,77,14.82,2.99,1.72,19.53,28,42,70,8,13,21,3,43,29,46,72,121,186,-250,149,614,333,,,
Kyle Connor,28,LW,WPG,16.22,3.31,0.65,77,77,16.22,3.31,0.65,20.18,35,38,73,6,17,23,1,20,28,12,8,10,260,-289,167,575,413,,,
Nick Suzuki,25,C,MTL,16.41,3.63,1.15,82,82,16.41,3.63,1.15,21.19,26,43,69,9,17,26,1,58,57,35,673,645,178,-75,98,1001,339,,,
Tanner Jeannot,27,"LW,RW",LA,12.00,1.05,2.10,76,76,12.00,1.05,2.10,15.15,13,14,27,2,2,4,1,271,59,115,36,58,101,-202,140,536,172,,,
Jake Walman,28,D,SJ,17.50,2.00,2.34,76,76,17.50,2.00,2.34,21.84,11,21,32,2,8,10,1,57,168,46,0,0,159,-63,96,248,279,,,
Shayne Gostisbehere,31,D,CAR,15.69,3.10,0.44,81,81,15.69,3.10,0.44,19.23,10,38,48,4,20,24,0,34,90,26,0,0,139,-71,97,240,267,,,
Gustav Forsling,28,D,FLA,18.23,1.25,3.32,80,80,18.23,1.25,3.32,22.80,10,32,42,1,4,5,1,88,116,37,0,0,172,-81,99,230,279,,,
Josh Manson,33,D,COL,15.75,0.00,2.02,77,77,15.75,0.00,2.02,17.77,6,17,23,0,0,0,1,182,110,84,0,0,112,-89,102,222,185,,,
Mark Scheifele,31,C,WPG,16.89,3.07,0.58,78,78,16.89,3.07,0.58,20.54,29,41,70,7,12,19,0,54,49,50,609,647,166,-140,116,936,322,,,
Devon Toews,30,D,COL,19.01,1.75,2.90,81,81,19.01,1.75,2.90,23.66,10,39,49,1,5,6,1,67,123,24,0,0,156,-96,103,215,279,,,
Brock Nelson,33,C,NYI,14.79,2.72,0.44,82,82,14.79,2.72,0.44,17.95,35,35,70,9,9,18,1,34,49,35,387,456,225,-263,153,813,380,,,
Seth Jarvis,22,"C,RW",CAR,14.02,2.98,1.57,81,81,14.02,2.98,1.57,18.57,27,35,62,10,9,19,3,93,52,20,111,138,184,-199,137,539,325,,,
Brady Skjei,30,D,NSH,18.12,1.10,2.22,81,81,18.12,1.10,2.22,21.44,11,31,42,2,8,10,3,63,87,43,0,0,177,-103,104,208,278,,,
Aaron Ekblad,28,D,FLA,16.45,1.87,3.01,74,74,16.45,1.87,3.01,21.33,10,24,34,4,6,10,1,92,92,57,0,0,156,-104,105,207,248,,,
Jake McCabe,31,D,TOR,17.95,0.35,2.14,76,76,17.95,0.35,2.14,20.44,5,22,27,0,2,2,1,190,153,51,0,0,82,-108,106,203,183,,,
Jamie Benn,35,LW,DAL,11.94,2.28,1.00,82,82,11.94,2.28,1.00,15.22,21,36,57,7,13,20,2,99,50,49,436,289,164,-111,107,753,294,,,
Alex Tuch,28,RW,BUF,14.97,2.70,1.54,77,77,14.97,2.70,1.54,19.21,26,35,61,4,7,11,2,59,75,35,41,59,204,-248,147,489,342,,,
Jake Sanderson,22,D,OTT,17.08,2.79,3.03,80,80,17.08,2.79,3.03,22.90,8,31,39,2,14,16,0,45,151,22,0,0,148,-114,109,197,276,,,
Brandon Hagel,26,"LW,RW",TB,15.52,1.49,2.03,81,81,15.52,1.49,2.03,19.04,28,36,64,3,5,8,4,51,52,58,30,44,169,-263,152,475,305,,,
Tyler Toffoli,32,"LW,RW",SJ,13.51,3.00,0.75,80,80,13.51,3.00,0.75,17.26,30,32,62,10,11,21,1,63,20,19,30,42,234,-267,156,471,363,,,
Boone Jenner,31,"C,LW",CBJ,15.61,2.67,1.48,76,76,15.61,2.67,1.48,19.76,28,20,48,7,3,10,1,130,90,42,776,660,200,53,73,917,326,,,
Blake Coleman,33,"C,RW",CGY,14.34,1.00,1.50,81,81,14.34,1.00,1.50,16.84,24,25,49,3,2,5,4,122,54,63,34,41,202,-269,158,469,306,,,
Cole Caufield,24,"LW,RW",MTL,15.43,3.61,0.00,77,77,15.43,3.61,0.00,19.04,33,28,61,10,11,21,0,39,21,13,11,13,277,-282,165,455,403,,,
Adam Larsson,32,D,SEA,19.90,0.00,2.87,82,82,19.90,0.00,2.87,22.77,6,18,24,0,0,0,1,158,163,51,0,0,126,-131,112,180,221,,,
Bo Horvat,29,C,NYI,15.77,2.97,0.94,80,80,15.77,2.97,0.94,19.68,31,32,63,10,8,18,2,59,51,36,781,652,228,-88,101,988,369,,,
Patrick Kane,36,RW,DET,15.46,2.98,0.00,76,76,15.46,2.98,0.00,18.44,24,43,67,5,20,25,0,16,24,19,5,5,220,-299,173,439,357,,,
Macklin Celebrini,18,C,SJ,14.50,2.75,0.00,77,77,14.50,2.75,0.00,17.25,24,33,57,5,12,17,0,87,42,50,305,316,225,-354,198,722,346,,,
Colton Parayko,31,D,STL,20.65,0.78,2.53,81,81,20.65,0.78,2.53,23.96,7,23,30,0,3,3,1,100,196,27,0,0,142,-144,118,167,261,,,
Marcus Pettersson,28,D,PIT,19.47,0.00,2.38,81,81,19.47,0.00,2.38,21.85,4,26,30,0,0,0,0,123,157,58,0,0,106,-146,119,165,207,,,
Wyatt Johnston,21,"C,RW",DAL,15.08,2.50,1.15,81,81,15.08,2.50,1.15,18.73,31,29,60,5,8,13,1,47,46,35,299,304,221,-149,120,589,351,,,
Jonathan Huberdeau,31,"C,LW",CGY,14.43,2.60,0.53,81,81,14.43,2.60,0.53,17.56,16,49,65,4,17,21,0,61,35,49,22,23,148,-373,204,491,282,,,
Travis Sanheim,28,D,PHI,19.34,1.34,2.48,81,81,19.34,1.34,2.48,23.16,9,27,36,1,3,4,3,73,154,43,0,0,128,-152,122,159,244,,,
Bryan Rust,32,RW,PIT,15.16,2.25,1.53,76,76,15.16,2.25,1.53,18.94,29,32,61,5,8,13,2,55,56,26,9,13,217,-307,177,431,351,,,
Kaiden Guhle,23,D,MTL,19.00,0.35,2.06,77,77,19.00,0.35,2.06,21.41,6,21,27,0,1,1,0,123,177,51,0,0,101,-159,124,152,209,,,
Mattias Ekholm,34,D,EDM,18.05,1.03,2.16,77,77,18.05,1.03,2.16,21.24,9,29,38,1,3,4,1,109,102,40,0,0,148,-160,125,151,244,,,
Brayden Schenn,33,"C,LW",STL,14.42,2.39,0.86,82,82,14.42,2.39,0.86,17.67,22,32,54,6,8,14,1,145,45,47,432,457,151,-165,127,700,271,,,
Artyom Levshunov,19,D,CHI,17.00,2.00,1.35,74,74,17.00,2.00,1.35,20.35,6,23,29,1,8,9,0,112,129,45,0,0,130,-162,126,149,227,,,
Matvei Michkov,20,RW,PHI,13.75,2.75,0.00,76,76,13.75,2.75,0.00,16.50,27,36,63,5,12,17,0,40,40,37,54,65,182,-293,170,444,318,,,
Brock Boeser,27,RW,VAN,14.74,3.54,0.00,79,79,14.74,3.54,0.00,18.28,30,31,61,13,10,23,0,45,33,22,21,22,198,-311,180,427,336,,,
Brenden Dillon,34,D,NJ,16.46,0.00,2.30,80,80,16.46,0.00,2.30,18.76,4,16,20,0,0,0,0,210,119,71,0,0,80,-169,129,142,154,,,
Bowen Byram,23,D,BUF,18.35,1.27,1.00,78,78,18.35,1.27,1.00,20.62,11,25,36,1,4,5,1,105,109,52,0,0,104,-174,131,137,207,,,
Martin Necas,26,"C,RW",CAR,14.85,2.32,0.67,81,81,14.85,2.32,0.67,17.84,23,34,57,6,8,14,1,64,31,39,75,114,224,-297,172,441,337,,,
Nick Seeler,31,D,PHI,14.77,0.00,1.73,81,81,14.77,0.00,1.73,16.50,3,12,15,0,0,0,3,132,203,67,0,0,97,-179,132,132,194,,,
Ryan Pulock,30,D,NYI,19.04,1.24,1.98,82,82,19.04,1.24,1.98,22.26,6,21,27,1,5,6,0,123,194,16,0,0,130,-181,133,130,247,,,
Evander Kane,33,LW,EDM,15.27,1.34,0.49,65,65,15.27,1.34,0.49,17.10,23,18,41,2,3,5,1,191,26,73,31,35,191,-400,216,464,272,,,
Ryan Hartman,30,"C,RW",MIN,13.73,1.67,1.00,75,75,13.73,1.67,1.00,16.40,21,23,44,3,4,7,2,64,60,91,362,427,178,-149,121,588,278,,,
Nikolaj Ehlers,28,LW,WPG,14.00,2.75,0.00,79,79,14.00,2.75,0.00,16.75,26,39,65,4,11,15,0,34,34,27,9,14,245,-414,226,450,373,,,
Connor Murphy,31,D,CHI,17.25,0.00,2.33,80,80,17.25,0.00,2.33,19.58,4,10,14,0,0,0,1,166,189,64,0,0,86,-187,134,124,178,,,
Hampus Lindholm,31,D,BOS,19.17,1.65,2.49,80,80,19.17,1.65,2.49,23.31,6,29,35,1,7,8,0,56,117,55,0,0,127,-194,135,117,228,,,
Ben Chiarot,33,D,DET,17.68,0.25,2.09,80,80,17.68,0.25,2.09,20.02,5,16,21,0,1,1,0,141,169,53,0,0,110,-195,136,116,204,,,
Sean Walker,30,D,CAR,16.29,1.03,1.78,80,80,16.29,1.03,1.78,19.10,7,21,28,1,3,4,2,102,137,48,0,0,138,-199,138,112,232,,,
Matt Roy,29,D,WSH,17.69,0.00,2.64,82,82,17.69,0.00,2.64,20.33,6,19,25,0,0,0,2,131,178,34,0,0,135,-201,139,110,236,,,
Dylan Guenther,21,RW,ARI,14.15,2.99,1.03,78,78,14.15,2.99,1.03,18.17,24,30,54,11,9,20,1,63,46,33,35,57,210,-304,174,433,332,,,
Jake Middleton,29,D,MIN,17.40,0.00,2.21,80,80,17.40,0.00,2.21,19.61,5,13,18,0,0,0,1,125,167,79,0,0,82,-202,141,109,173,,,
Nico Hischier,26,C,NJ,14.56,3.33,1.53,77,77,14.56,3.33,1.53,19.42,29,42,71,8,10,18,2,43,53,16,823,661,201,-138,115,938,356,,,
Michael Bunting,29,LW,PIT,13.01,2.56,0.00,81,81,13.01,2.56,0.00,15.57,22,32,54,7,9,16,0,57,23,75,11,17,167,-433,231,432,279,,,
Owen Tippett,25,"LW,RW",PHI,13.74,2.68,0.57,80,80,13.74,2.68,0.57,16.99,26,21,47,6,4,10,0,125,53,18,27,35,260,-349,194,389,362,,,
K'Andre Miller,25,D,NYR,19.29,0.70,1.88,82,82,19.29,0.70,1.88,21.87,8,25,33,0,3,3,2,136,123,40,0,0,105,-204,142,107,204,,,
Quinton Byfield,22,RW,LA,14.30,2.58,0.00,79,79,14.30,2.58,0.00,16.88,23,37,60,7,8,15,0,64,27,49,82,101,154,-322,185,415,277,,,
Tyler Bertuzzi,29,LW,CHI,14.38,3.00,0.00,80,80,14.38,3.00,0.00,17.38,23,29,52,8,6,14,0,89,44,56,10,18,176,-439,237,425,291,,,
Robert Thomas,25,C,STL,15.67,3.22,1.66,79,79,15.67,3.22,1.66,20.55,22,53,75,7,17,24,2,13,42,32,772,700,146,-172,130,905,307,,,
Brayden McNabb,34,D,VGK,17.07,0.00,2.25,82,82,17.07,0.00,2.25,19.32,3,18,21,0,0,0,1,146,208,39,0,0,85,-218,143,93,194,,,
Kyle Burroughs,29,D,LA,17.40,0.00,1.27,72,72,17.40,0.00,1.27,18.67,3,7,10,0,0,0,0,212,138,77,0,0,76,-224,144,87,142,,,
Jared McCann,28,"C,LW",SEA,12.71,2.53,1.37,79,79,12.71,2.53,1.37,16.61,29,31,60,7,13,20,3,47,33,27,140,165,204,-385,212,479,336,,,
Roope Hintz,28,C,DAL,13.51,2.60,1.11,77,77,13.51,2.60,1.11,17.22,30,37,67,8,13,21,4,39,45,27,298,246,178,-444,239,633,330,,,
Artturi Lehkonen,29,RW,COL,13.83,2.86,1.70,78,78,13.83,2.86,1.70,18.39,25,30,55,9,8,17,1,78,43,29,19,44,177,-380,209,357,301,,,
Cam Fowler,33,D,ANA,18.89,2.33,2.92,82,82,18.89,2.33,2.92,24.14,7,34,41,3,13,16,1,34,124,21,0,0,115,-236,145,75,238,,,
Cutter Gauthier,21,LW,ANA,14.00,2.50,0.00,76,76,14.00,2.50,0.00,16.50,23,25,48,6,7,13,0,105,41,55,177,182,184,-377,206,487,290,,,
Josh Norris,25,C,OTT,13.82,3.20,0.98,78,78,13.82,3.20,0.98,18.00,26,27,53,9,12,21,1,108,51,31,519,478,181,-337,190,739,310,,,
Pierre-Luc Dubois,26,"C,LW",WSH,13.78,2.41,0.00,81,81,13.78,2.41,0.00,16.19,20,26,46,8,4,12,0,84,42,77,438,461,166,-248,146,617,267,,,
Thomas Harley,23,D,DAL,18.13,1.38,1.02,81,81,18.13,1.38,1.02,20.53,9,26,35,1,7,8,1,69,132,25,0,0,137,-249,148,62,246,,,
Nikita Zadorov,29,D,BOS,15.82,0.00,1.73,78,78,15.82,0.00,1.73,17.55,6,13,19,0,0,0,1,160,76,90,0,0,99,-252,150,59,154,,,
Kyle Palmieri,33,RW,NYI,13.87,2.50,0.58,79,79,13.87,2.50,0.58,16.95,26,23,49,8,6,14,0,81,35,43,20,31,192,-405,220,332,300,,,
Bobby McMann,28,LW,TOR,13.00,0.75,0.65,76,76,13.00,0.75,0.65,14.40,22,16,38,1,2,3,0,170,35,74,41,37,190,-473,254,391,267,,,
Johnny Gaudreau,31,LW,CBJ,15.79,2.82,0.00,81,81,15.79,2.82,0.00,18.61,20,52,72,3,17,20,0,2,22,25,5,5,182,-497,260,367,321,,,
Will Borgen,28,D,SEA,15.97,0.00,1.46,82,82,15.97,0.00,1.46,17.43,3,19,22,0,0,0,0,183,110,57,0,0,93,-265,154,46,164,,,
John Klingberg,32,D,TOR,17.26,3.05,0.00,78,78,17.26,3.05,0.00,20.31,5,31,36,2,13,15,0,60,90,40,0,0,107,-267,155,44,206,,,
Lawson Crouse,27,"LW,RW",UTA,13.18,1.63,2.16,80,80,13.18,1.63,2.16,16.97,22,19,41,5,3,8,1,166,58,43,32,62,159,-409,221,328,258,,,
Oliver Ekman-Larsson,33,D,TOR,15.33,1.83,1.37,79,79,15.33,1.83,1.37,18.53,6,26,32,1,10,11,0,87,75,50,0,0,120,-271,159,40,203,,,
Alexander Romanov,25,D,NYI,18.56,0.00,2.04,79,79,18.56,0.00,2.04,20.60,4,16,20,0,0,0,0,156,160,41,0,0,108,-272,160,39,195,,,
Arber Xhekaj,24,D,MTL,14.68,0.25,0.51,66,66,14.68,0.25,0.51,15.44,4,11,15,0,0,0,0,168,75,100,0,0,82,-275,162,36,130,,,
Garnet Hathaway,33,RW,PHI,10.92,0.00,1.49,82,82,10.92,0.00,1.49,12.41,11,11,22,0,0,0,2,270,76,84,22,16,101,-427,228,311,165,,,
Jared Spurgeon,35,D,MIN,16.67,2.46,3.48,78,78,16.67,2.46,3.48,22.61,6,27,33,1,12,13,0,58,151,16,0,0,116,-281,164,30,233,,,
Alexis Lafreniere,23,"LW,RW",NYR,15.36,1.72,0.00,82,82,15.36,1.72,0.00,17.08,26,28,54,4,5,9,0,78,29,41,24,52,186,-436,233,302,295,,,
Gabriel Landeskog,32,LW,COL,14.75,3.35,0.00,65,65,14.75,3.35,0.00,18.10,23,26,49,7,8,15,0,92,37,52,237,203,160,-399,215,465,270,,,
Pavel Mintyukov,21,D,ANA,16.87,1.94,1.01,79,79,16.87,1.94,1.01,19.82,6,27,33,1,8,9,1,101,93,34,0,0,117,-291,168,20,207,,,
Niko Mikkola,28,D,FLA,17.28,0.00,2.27,82,82,17.28,0.00,2.27,19.55,3,12,15,0,0,0,1,164,133,69,0,0,84,-292,169,19,154,,,
Erik Gudbranson,33,D,CBJ,16.93,0.00,2.78,80,80,16.93,0.00,2.78,19.71,4,16,20,0,0,0,1,96,157,65,0,0,100,-297,171,14,187,,,
Vladimir Tarasenko,33,"LW,RW",DET,13.49,2.21,0.00,79,79,13.49,2.21,0.00,15.70,23,34,57,4,9,13,0,79,43,20,8,8,173,-458,247,280,294,,,
Damon Severson,30,D,CBJ,18.55,1.21,1.24,80,80,18.55,1.21,1.24,21.00,8,26,34,1,4,5,2,51,109,53,0,0,106,-305,176,6,203,,,
Lucas Raymond,22,"LW,RW",DET,14.80,2.97,0.00,82,82,14.80,2.97,0.00,17.77,24,34,58,6,12,18,0,55,28,25,10,13,164,-460,249,278,288,,,
Timothy Liljegren,25,D,TOR,16.78,1.46,1.18,76,76,16.78,1.46,1.18,19.42,5,24,29,1,6,7,2,115,135,27,0,0,94,-309,179,2,194,,,
Elias Lindholm,30,C,BOS,14.35,2.76,2.29,79,79,14.35,2.76,2.29,19.40,22,35,57,8,9,17,3,80,61,22,775,618,186,-273,161,803,316,,,
Ivan Provorov,28,D,CBJ,18.03,1.35,2.79,82,82,18.03,1.35,2.79,22.17,6,23,29,1,5,6,1,66,165,27,0,0,112,-313,181,-2,222,,,
Tomas Hertl,31,C,VGK,15.77,2.76,1.38,77,77,15.77,2.76,1.38,19.91,23,33,56,7,10,17,1,74,64,29,763,597,174,-280,163,796,306,,,
Mario Ferraro,26,D,SJ,19.19,0.70,3.06,80,80,19.19,0.70,3.06,22.95,5,14,19,0,1,1,0,116,196,32,0,0,103,-314,182,-3,206,,,
Cam York,24,D,PHI,18.06,1.97,1.86,81,81,18.06,1.97,1.86,21.89,8,22,30,1,5,6,2,63,153,33,0,0,103,-315,183,-4,213,,,
Scott Mayfield,32,D,NYI,16.44,0.00,2.60,78,78,16.44,0.00,2.60,19.04,3,13,16,0,0,0,0,106,179,63,0,0,81,-318,184,-7,172,,,
Mason Marchment,29,LW,DAL,13.55,1.46,0.00,77,77,13.55,1.46,0.00,15.01,19,28,47,4,4,8,0,95,33,74,11,16,151,-548,297,317,247,,,
Dylan Strome,27,C,WSH,14.72,2.92,0.00,81,81,14.72,2.92,0.00,17.64,26,39,65,6,16,22,0,12,53,27,628,578,159,-358,199,718,310,,,
Vladislav Gavrikov,29,D,LA,17.94,1.08,2.64,79,79,17.94,1.08,2.64,21.66,7,23,30,1,4,5,1,61,130,43,0,0,113,-323,186,-12,211,,,
Anze Kopitar,37,C,LA,14.61,2.87,1.84,81,81,14.61,2.87,1.84,19.32,21,43,64,7,14,21,2,39,65,27,772,633,130,-287,166,790,281,,,
Dylan DeMelo,31,D,WPG,18.76,0.00,2.58,79,79,18.76,0.00,2.58,21.34,3,22,25,0,0,0,1,139,136,44,0,0,86,-325,187,-14,172,,,
Jeff Petry,37,D,DET,17.00,0.50,1.83,74,74,17.00,0.50,1.83,19.33,4,21,25,0,2,2,1,141,135,34,0,0,98,-326,188,-15,186,,,
Tyler Myers,34,D,VAN,16.72,0.00,2.21,79,79,16.72,0.00,2.21,18.93,3,19,22,0,0,0,2,95,143,64,0,0,91,-329,189,-18,175,,,
Nick Schmaltz,28,"C,RW",UTA,15.50,3.10,0.51,79,79,15.50,3.10,0.51,19.11,23,41,64,8,9,17,1,16,41,20,149,211,155,-410,223,328,292,,,
Trevor Moore,29,"LW,RW",LA,14.23,1.83,1.55,82,82,14.23,1.83,1.55,17.61,24,25,49,3,3,6,3,83,50,24,23,42,231,-484,257,254,331,,,
Luke Schenn,35,D,NSH,13.79,0.00,1.59,70,70,13.79,0.00,1.59,15.38,3,11,14,0,0,0,1,223,94,57,0,0,81,-341,191,-30,135,,,
Valeri Nichushkin,29,LW,COL,15.41,3.66,1.81,63,63,15.41,3.66,1.81,20.88,27,27,54,13,5,18,2,74,37,17,8,12,184,-574,320,290,306,,,
Anders Lee,34,LW,NYI,13.83,1.83,0.00,81,81,13.83,1.83,0.00,15.66,25,15,40,5,1,6,0,139,51,51,29,34,176,-566,313,298,270,,,
Connor Clifton,29,D,BUF,14.80,0.00,1.84,81,81,14.80,0.00,1.84,16.64,4,14,18,0,0,0,1,182,116,50,0,0,83,-347,192,-36,152,,,
Jamie Oleksiak,32,D,SEA,16.60,0.00,2.94,80,80,16.60,0.00,2.94,19.54,5,16,21,0,0,0,2,105,151,52,0,0,94,-348,193,-37,182,,,
Erik Cernak,27,D,TB,16.28,0.00,2.85,73,73,16.28,0.00,2.85,19.13,2,14,16,0,0,0,1,193,117,55,0,0,72,-349,195,-38,138,,,
Martin Fehervary,25,D,WSH,17.93,0.00,1.67,77,77,17.93,0.00,1.67,19.60,5,13,18,0,0,0,1,202,135,31,0,0,82,-351,196,-40,160,,,
Trent Frederic,26,"C,RW",BOS,12.43,0.50,0.63,81,81,12.43,0.50,0.63,13.56,17,18,35,2,1,3,1,162,46,73,109,136,130,-454,244,284,208,,,
Jani Hakanpaa,32,D,TOR,15.25,0.00,3.25,74,74,15.25,0.00,3.25,18.50,4,10,14,0,0,0,1,209,120,50,0,0,71,-354,197,-43,137,,,
Josh Anderson,30,RW,MTL,13.69,1.71,1.31,79,79,13.69,1.71,1.31,16.71,17,13,30,3,1,4,1,155,53,72,23,29,158,-506,270,231,229,,,
Mikael Granlund,32,"C,RW",SJ,15.48,2.76,1.92,76,76,15.48,2.76,1.92,20.16,13,39,52,2,16,18,1,61,61,30,471,553,128,-268,157,470,249,,,
Erik Gustafsson (92),32,D,DET,17.38,1.54,0.41,77,77,17.38,1.54,0.41,19.33,6,29,35,1,10,11,0,55,92,28,0,0,117,-364,200,-53,212,,,
Fabian Zetterlund,25,"LW,RW",SJ,14.91,2.28,0.77,80,80,14.91,2.28,0.77,17.96,20,25,45,5,7,12,1,89,57,21,33,52,203,-506,268,232,305,,,
Rickard Rakell,31,"C,RW",PIT,14.28,2.40,0.00,77,77,14.28,2.40,0.00,16.68,20,26,46,6,7,13,0,111,47,18,12,19,185,-517,281,220,287,,,
Nicolas Hague,26,D,VGK,16.89,0.00,1.42,80,80,16.89,0.00,1.42,18.31,4,13,17,0,0,0,0,131,129,53,0,0,112,-367,201,-56,182,,,
Matt Dumba,30,D,DAL,17.10,0.00,2.45,75,75,17.10,0.00,2.45,19.55,5,11,16,0,0,0,0,150,113,65,0,0,83,-368,202,-57,149,,,
JJ Moser,24,D,TB,17.16,1.20,2.52,81,81,17.16,1.20,2.52,20.88,6,23,29,1,4,5,1,85,129,38,0,0,82,-368,203,-57,180,,,
Matt Duchene,34,"C,RW",DAL,14.61,2.10,0.52,76,76,14.61,2.10,0.52,17.23,24,33,57,6,8,14,0,26,43,27,288,231,165,-378,207,360,289,,,
Ian Cole,35,D,UTA,16.01,0.00,2.71,81,81,16.01,0.00,2.71,18.72,3,13,16,0,0,0,0,84,155,73,0,0,78,-375,205,-64,159,,,
Kevin Bahl,24,D,CGY,17.00,0.00,1.56,79,79,17.00,0.00,1.56,18.56,3,14,17,0,0,0,0,137,106,75,0,0,69,-379,208,-68,133,,,
Dylan Holloway,23,LW,STL,13.75,1.51,0.00,78,78,13.75,1.51,0.00,15.26,14,18,32,3,4,7,0,202,35,65,86,84,137,-569,317,295,206,,,
Dmitry Orlov,33,D,CAR,16.30,0.87,1.19,79,79,16.30,0.87,1.19,18.36,7,23,30,1,5,6,1,101,81,33,0,0,120,-384,211,-73,198,,,
Eeli Tolvanen,25,"LW,RW",SEA,12.86,2.44,0.00,81,81,12.86,2.44,0.00,15.30,18,19,37,3,6,9,0,167,68,23,15,23,159,-537,286,201,253,,,
Gabriel Vilardi,25,"C,RW",WPG,13.37,3.24,0.00,78,78,13.37,3.24,0.00,16.61,30,21,51,11,6,17,0,27,41,25,75,92,175,-509,273,229,297,,,
Marcus Foligno,33,"LW,RW",MIN,12.00,0.65,1.84,74,74,12.00,0.65,1.84,14.49,12,15,27,1,0,1,1,214,49,89,14,18,78,-541,289,196,143,,,
Miles Wood,29,LW,COL,12.06,1.30,1.27,78,78,12.06,1.30,1.27,14.63,15,19,34,3,2,5,1,103,36,84,26,38,189,-612,334,252,256,,,
Ivan Barbashev,29,"C,LW",VGK,14.11,1.82,0.87,81,81,14.11,1.82,0.87,16.80,20,27,47,3,2,5,1,158,47,42,56,81,119,-600,328,265,221,,,
Trevor Zegras,23,C,ANA,14.71,2.69,0.00,80,80,14.71,2.69,0.00,17.40,20,31,51,5,5,10,0,42,36,66,158,243,185,-685,377,391,287,,,
Simon Benoit,26,D,TOR,15.70,0.00,1.97,72,72,15.70,0.00,1.97,17.67,2,7,9,0,0,0,0,243,109,49,0,0,64,-397,213,-86,117,,,
Jake DeBrusk,28,"LW,RW",VAN,13.31,1.89,1.56,80,80,13.31,1.89,1.56,16.76,25,23,48,4,6,10,2,87,43,18,13,21,195,-549,301,188,300,,,
Owen Power,22,D,BUF,19.50,1.69,1.68,80,80,19.50,1.69,1.68,22.87,6,27,33,1,6,7,1,40,111,32,0,0,117,-398,214,-87,212,,,
Jeff Skinner,32,LW,EDM,13.46,2.55,0.00,78,78,13.46,2.55,0.00,16.01,28,26,54,7,5,12,0,22,18,36,70,93,222,-598,327,266,328,,,
Ryan McDonagh,35,D,TB,17.97,1.03,2.90,78,78,17.97,1.03,2.90,21.90,4,27,31,0,4,4,0,49,163,24,0,0,91,-402,217,-91,202,,,
David Jiricek,21,D,CBJ,17.50,1.76,0.00,75,75,17.50,1.76,0.00,19.26,4,24,28,1,7,8,0,47,101,49,0,0,105,-404,219,-93,189,,,
Oliver Bjorkstrand,29,RW,SEA,13.75,2.29,0.00,82,82,13.75,2.29,0.00,16.04,20,31,51,6,10,16,0,61,34,16,15,25,187,-556,307,182,294,,,
Jake Neighbours,22,"LW,RW",STL,14.00,2.27,0.52,77,77,14.00,2.27,0.52,16.79,22,15,37,6,5,11,0,132,50,40,29,37,144,-550,303,188,238,,,
Artem Zub,29,D,OTT,18.12,0.00,2.49,74,74,18.12,0.00,2.49,20.61,4,17,21,0,0,0,1,136,124,46,0,0,77,-410,222,-99,154,,,
Adam Fantilli,20,C,CBJ,14.00,2.87,0.00,80,80,14.00,2.87,0.00,16.87,23,26,49,5,7,12,0,84,43,34,281,348,204,-634,343,442,309,,,
David Savard,34,D,MTL,17.12,0.00,3.27,71,71,17.12,0.00,3.27,20.39,4,18,22,0,0,0,1,77,186,41,0,0,65,-410,224,-99,170,,,
Alex Killorn,35,"C,LW",ANA,14.70,2.11,1.45,77,77,14.70,2.11,1.45,18.26,24,24,48,5,2,7,1,75,33,57,18,28,156,-637,345,227,257,,,
Rasmus Sandin,24,D,WSH,19.15,1.54,0.42,74,74,19.15,1.54,0.42,21.11,6,24,30,0,7,7,0,90,110,27,0,0,87,-412,225,-101,180,,,
Dakota Joshua,28,"C,LW",VAN,11.68,0.00,1.62,81,81,11.68,0.00,1.62,13.30,15,16,31,0,0,0,1,254,46,65,55,59,92,-618,337,246,163,,,
Nick Foligno,37,LW,CHI,13.24,1.25,1.25,79,79,13.24,1.25,1.25,15.74,12,18,30,3,3,6,1,185,48,70,157,142,130,-564,310,301,199,,,
Dylan Cozens,23,C,BUF,13.33,2.42,1.52,79,79,13.33,2.42,1.52,17.27,22,28,50,4,7,11,3,77,31,45,498,588,197,-522,282,555,298,,,
Scott Laughton,30,"C,LW",PHI,12.88,1.39,1.81,81,81,12.88,1.39,1.81,16.08,13,25,38,2,4,6,6,141,59,53,468,494,151,-402,218,462,236,,,
JJ Peterka,23,RW,BUF,14.04,2.75,0.00,81,81,14.04,2.75,0.00,16.79,24,27,51,5,8,13,0,26,20,31,16,21,208,-572,319,166,309,,,
Tyson Foerster,23,"C,RW",PHI,14.53,2.68,0.00,80,80,14.53,2.68,0.00,17.21,19,21,40,5,6,11,0,91,49,38,26,25,173,-568,316,169,265,,,
Ryan Suter,40,D,STL,17.49,1.59,1.37,82,82,17.49,1.59,1.37,20.45,4,23,27,1,7,8,1,70,113,31,0,0,107,-424,227,-113,194,,,
Logan Couture,35,C,SJ,13.71,2.73,2.19,70,70,13.71,2.73,2.19,18.63,21,30,51,6,11,17,1,92,60,18,536,535,161,-515,278,561,283,,,
Simon Nemec,20,D,NJ,17.50,1.44,0.90,77,77,17.50,1.44,0.90,19.84,6,23,29,1,4,5,0,31,128,42,0,0,100,-427,229,-116,196,,,
Joel Farabee,24,"LW,RW",PHI,13.80,2.35,1.10,82,82,13.80,2.35,1.10,17.25,20,24,44,2,3,5,1,65,55,49,36,66,169,-568,315,170,265,,,
Mason McTavish,22,C,ANA,15.00,2.55,0.00,73,73,15.00,2.55,0.00,17.55,20,24,44,6,4,10,0,66,42,73,475,472,160,-549,299,527,257,,,
Simon Edvinsson,21,D,DET,18.25,0.00,1.27,74,74,18.25,0.00,1.27,19.52,8,12,20,0,0,0,1,114,115,56,0,0,74,-431,230,-120,151,,,
Logan Stankoven,21,C,DAL,14.00,2.25,0.00,79,79,14.00,2.25,0.00,16.25,23,30,53,6,7,13,0,77,40,27,90,75,187,-757,415,319,300,,,
Kevin Shattenkirk,36,D,UFA,14.52,1.53,1.50,70,70,14.52,1.53,1.50,17.55,5,21,26,1,9,10,0,63,109,33,0,0,102,-433,232,-122,189,,,
Troy Terry,27,"C,RW",ANA,15.79,2.46,0.58,76,76,15.79,2.46,0.58,18.83,24,32,56,5,7,12,0,14,33,25,14,18,181,-588,323,150,296,,,
Teuvo Teravainen,30,"LW,RW",CHI,14.00,2.15,1.72,79,79,14.00,2.15,1.72,17.87,19,36,55,7,12,19,3,15,33,20,68,73,164,-559,309,178,281,,,
Dmitri Voronkov,24,LW,CBJ,12.50,2.14,0.00,78,78,12.50,2.14,0.00,14.64,21,18,39,6,3,9,0,86,50,58,291,389,160,-517,279,348,253,,,
Brett Pesce,30,D,NJ,17.86,1.21,2.35,76,76,17.86,1.21,2.35,21.42,5,23,28,1,6,7,1,28,120,34,0,0,128,-437,234,-126,217,,,
Braden Schneider,23,D,NYR,16.25,0.00,1.02,82,82,16.25,0.00,1.02,17.27,5,16,21,0,0,0,1,150,143,20,0,0,89,-437,235,-126,174,,,
Tyler Seguin,33,"C,RW",DAL,13.69,1.73,1.08,78,78,13.69,1.73,1.08,16.50,23,28,51,4,5,9,2,67,29,27,404,318,175,-383,210,354,278,,,
Jaccob Slavin,30,D,CAR,18.10,0.79,2.65,80,80,18.10,0.79,2.65,21.54,6,29,35,0,2,2,2,48,122,12,0,0,140,-443,238,-132,235,,,
Yegor Sharangovich,26,"C,RW",CGY,13.32,2.26,1.63,81,81,13.32,2.26,1.63,17.21,25,28,53,6,9,15,4,14,45,19,119,183,176,-541,287,197,296,,,
David Perron,36,"LW,RW",OTT,12.86,1.50,0.00,80,80,12.86,1.50,0.00,14.36,17,25,42,4,7,11,0,98,26,49,17,16,141,-595,326,142,228,,,
Adam Pelech,30,D,NYI,17.83,0.00,2.52,76,76,17.83,0.00,2.52,20.35,4,19,23,0,0,0,2,79,142,41,0,0,95,-448,242,-137,181,,,
Pavel Zacha,27,C,BOS,13.54,2.61,1.56,79,79,13.54,2.61,1.56,17.71,21,35,56,6,10,16,1,89,32,22,467,401,148,-575,321,501,267,,,
Ty Emberson,24,D,EDM,17.50,0.00,1.17,76,76,17.50,0.00,1.17,18.67,4,16,20,0,0,0,1,161,118,29,0,0,86,-452,243,-141,159,,,
Alexandre Carrier,28,D,NSH,16.19,0.80,2.09,75,75,16.19,0.80,2.09,19.08,4,19,23,0,3,3,1,67,133,46,0,0,84,-454,245,-143,170,,,
Rasmus Ristolainen,30,D,PHI,15.29,0.75,1.20,78,78,15.29,0.75,1.20,17.24,4,13,17,1,2,3,1,131,126,31,0,0,105,-455,246,-144,177,,,
Mikael Backlund,35,"C,LW",CGY,14.71,1.70,2.36,82,82,14.71,1.70,2.36,18.77,19,29,48,3,4,7,4,65,37,31,726,721,219,-304,175,560,310,,,
Jonas Brodin,31,D,MIN,19.64,0.74,2.97,74,74,19.64,0.74,2.97,23.35,6,19,25,0,1,1,1,31,166,28,0,0,123,-459,248,-148,222,,,
Zach Whitecloud,28,D,VGK,15.94,0.00,1.48,76,76,15.94,0.00,1.48,17.42,4,13,17,0,0,0,0,132,135,42,0,0,74,-464,251,-153,150,,,
Nicholas Paul,29,"C,LW",TB,13.46,2.63,0.89,81,81,13.46,2.63,0.89,16.98,22,22,44,8,6,14,1,92,47,30,493,428,147,-438,236,427,253,,,
Jarred Tinordi,32,D,UFA,14.19,0.00,1.72,66,66,14.19,0.00,1.72,15.91,2,9,11,0,0,0,0,188,112,56,0,0,46,-468,252,-157,105,,,
Mikey Anderson,25,D,LA,18.37,0.00,2.32,80,80,18.37,0.00,2.32,20.69,4,14,18,0,0,0,1,138,139,28,0,0,90,-470,253,-159,168,,,
Mark Stone,32,RW,VGK,14.23,3.33,1.50,65,65,14.23,3.33,1.50,19.06,19,36,55,6,9,15,3,33,44,18,10,16,136,-628,339,110,257,,,
Mattias Samuelsson,24,D,BUF,17.80,0.00,2.79,74,74,17.80,0.00,2.79,20.59,2,13,15,0,0,0,1,144,140,36,0,0,82,-475,255,-164,154,,,
Liam O'Brien,30,C,UTA,9.65,0.00,0.47,73,73,9.65,0.00,0.47,10.12,5,7,12,0,0,0,0,218,32,156,11,24,62,-842,453,234,92,,,
Ryan Graves,29,D,PIT,16.44,0.00,2.06,80,80,16.44,0.00,2.06,18.50,5,17,22,0,0,0,1,74,156,30,0,0,101,-476,256,-165,191,,,
Andrei Kuzmenko,28,"LW,RW",CGY,13.75,3.02,0.00,75,75,13.75,3.02,0.00,16.77,26,31,57,9,11,20,0,13,23,13,11,10,136,-638,348,100,263,,,
Mason Lohrei,24,D,BOS,16.50,0.75,0.73,78,78,16.50,0.75,0.73,17.98,6,17,23,1,3,4,0,62,121,40,0,0,94,-486,258,-175,178,,,
Jonathan Drouin,29,LW,COL,14.20,3.27,0.00,78,78,14.20,3.27,0.00,17.47,12,40,52,3,16,19,0,40,33,38,76,79,119,-681,375,184,229,,,
Adam Henrique,34,"C,LW",EDM,13.00,1.86,2.21,81,81,13.00,1.86,2.21,17.07,23,22,45,5,4,9,2,71,73,29,519,466,147,-448,241,417,261,,,
Esa Lindell,30,D,DAL,16.74,0.00,3.54,82,82,16.74,0.00,3.54,20.28,6,18,24,0,0,0,1,72,165,14,0,0,111,-490,259,-179,208,,,
Conor Garland,28,RW,VAN,13.01,1.67,0.00,82,82,13.01,1.67,0.00,14.68,19,29,48,2,6,8,0,45,30,33,7,12,188,-646,350,92,280,,,
Matthew Knies,22,LW,TOR,12.76,1.38,0.51,80,80,12.76,1.38,0.51,14.65,17,22,39,2,4,6,0,151,34,48,28,27,128,-712,389,153,210,,,
Ross Colton,28,C,COL,11.94,1.43,0.57,80,80,11.94,1.43,0.57,13.94,19,20,39,4,3,7,0,136,46,50,364,351,154,-677,372,399,242,,,
Alec Martinez,37,D,CHI,17.18,0.75,1.34,72,72,17.18,0.75,1.34,19.27,5,15,20,0,3,3,0,40,209,16,0,0,87,-498,262,-187,200,,,
Phillip Danault,31,C,LA,14.31,1.79,1.78,81,81,14.31,1.79,1.78,17.88,19,30,49,2,6,8,3,71,66,36,614,567,161,-544,292,532,272,,,
Shane Pinto,24,C,OTT,14.95,2.46,0.49,77,77,14.95,2.46,0.49,17.90,21,26,47,8,4,12,0,71,56,25,453,436,191,-631,341,445,298,,,
Andrew Mangiapane,28,RW,WSH,13.87,1.35,0.82,80,80,13.87,1.35,0.82,16.04,20,26,46,3,2,5,1,80,35,40,12,15,147,-652,353,86,240,,,
Darren Raddysh,28,D,TB,17.26,1.08,0.89,77,77,17.26,1.08,0.89,19.23,5,22,27,1,5,6,0,75,100,24,0,0,105,-500,263,-188,186,,,
Ryan O'Reilly,33,C,NSH,14.51,2.88,1.77,79,79,14.51,2.88,1.77,19.16,23,34,57,8,9,17,1,21,49,20,774,648,161,-462,250,614,290,,,
Cody Ceci,31,D,SJ,19.00,0.00,2.67,80,80,19.00,0.00,2.67,21.67,4,20,24,0,0,0,1,102,128,22,0,0,101,-503,264,-192,182,,,
Jamie Drysdale,22,D,PHI,16.98,2.34,0.00,78,78,16.98,2.34,0.00,19.32,6,22,28,2,7,9,0,49,95,21,0,0,120,-503,265,-192,203,,,
Gustav Nyquist,35,LW,NSH,14.06,2.61,0.88,78,78,14.06,2.61,0.88,17.55,18,38,56,3,12,15,2,33,44,21,20,28,135,-728,398,136,256,,,
Brandon Carlo,28,D,BOS,16.61,0.00,3.11,77,77,16.61,0.00,3.11,19.72,4,11,15,0,0,0,1,121,135,38,0,0,89,-504,266,-193,161,,,
Michael Eyssimont,28,C,TB,11.46,0.88,0.00,80,80,11.46,0.88,0.00,12.34,12,15,27,2,3,5,0,127,31,98,20,24,161,-867,470,209,215,,,
Kiefer Sherwood,29,LW,VAN,11.68,1.50,0.55,68,68,11.68,1.50,0.55,13.73,13,17,30,3,4,7,0,204,30,51,34,33,122,-722,394,142,187,,,
Brendan Gallagher,32,RW,MTL,12.24,1.52,0.00,79,79,12.24,1.52,0.00,13.76,16,14,30,2,3,5,0,57,37,85,19,26,166,-654,355,83,230,,,
Juuso Valimaki,26,D,UTA,17.08,1.31,0.73,74,74,17.08,1.31,0.73,19.12,4,20,24,1,6,7,0,64,104,39,0,0,83,-506,269,-195,163,,,
Calen Addison,24,D,UFA,14.62,2.58,0.00,74,74,14.62,2.58,0.00,17.20,5,21,26,1,11,12,0,43,73,41,0,0,96,-507,271,-196,172,,,
Taylor Hall,33,LW,CHI,13.44,3.11,0.00,75,75,13.44,3.11,0.00,16.55,17,29,46,4,8,12,0,44,41,35,22,28,180,-732,400,133,276,,,
Robert Hagg,29,D,VGK,14.87,0.00,1.16,72,72,14.87,0.00,1.16,16.03,3,10,13,0,0,0,0,163,109,45,0,0,70,-509,272,-198,129,,,
Ilya Lyubushkin,30,D,DAL,14.24,0.00,2.54,74,74,14.24,0.00,2.54,16.78,1,11,12,0,0,0,1,146,139,49,0,0,47,-509,274,-198,117,,,
Ville Heinola,23,D,WPG,16.75,1.15,0.00,50,50,16.75,1.15,0.00,17.90,4,14,18,1,3,4,0,49,50,33,0,0,82,-796,435,-485,129,,,
Mark Giordano,41,D,UFA,14.27,0.50,2.26,69,69,14.27,0.50,2.26,17.03,4,14,18,0,2,2,0,66,127,51,0,0,88,-512,275,-201,163,,,
Ryker Evans,23,D,SEA,16.73,0.75,0.68,77,77,16.73,0.75,0.68,18.16,4,14,18,0,3,3,0,123,92,41,0,0,92,-512,276,-201,154,,,
Tyson Barrie,33,D,NSH,15.53,2.77,0.63,64,64,15.53,2.77,0.63,18.93,6,25,31,2,12,14,1,24,79,23,0,0,105,-513,277,-202,193,,,
Nikolai Kovalenko,25,RW,COL,13.50,1.35,0.00,76,76,13.50,1.35,0.00,14.85,15,26,41,3,4,7,0,113,29,42,32,36,135,-656,357,82,217,,,
Viktor Arvidsson,31,LW,EDM,13.58,1.25,0.00,75,75,13.58,1.25,0.00,14.83,20,23,43,2,5,7,0,30,62,34,19,31,215,-741,406,123,310,,,
Jordan Greenway,27,LW,BUF,13.38,0.94,2.27,76,76,13.38,0.94,2.27,16.59,12,17,29,1,2,3,1,148,68,63,23,46,129,-739,404,125,202,,,
Daniil Miromanov,27,D,CGY,17.79,2.15,0.00,72,72,17.79,2.15,0.00,19.94,7,19,26,1,8,9,0,33,98,27,0,0,122,-517,280,-206,204,,,
Max Domi,29,"C,LW",TOR,12.66,1.55,0.00,79,79,12.66,1.55,0.00,14.21,12,31,43,2,4,6,0,39,22,87,230,218,131,-629,340,235,209,,,
Jack Quinn,23,RW,BUF,12.51,2.04,1.02,80,80,12.51,2.04,1.02,15.57,23,24,47,4,4,8,1,73,35,23,27,36,159,-663,364,75,259,,,
William Eklund,22,LW,SJ,14.92,3.02,0.91,79,79,14.92,3.02,0.91,18.85,15,30,45,6,10,16,1,35,68,36,86,161,128,-707,383,158,241,,,
Adam Lowry,31,C,WPG,13.19,0.68,2.15,82,82,13.19,0.68,2.15,16.02,14,20,34,1,2,3,3,178,59,59,642,655,119,-552,304,524,199,,,
Morgan Geekie,26,"C,RW",BOS,12.82,1.89,0.87,78,78,12.82,1.89,0.87,15.58,15,24,39,3,6,9,0,108,50,33,345,398,133,-497,261,240,222,,,
Zach Bogosian,34,D,MIN,16.03,0.00,1.31,70,70,16.03,0.00,1.31,17.34,3,9,12,0,0,0,1,117,89,68,0,0,86,-523,283,-212,134,,,
Vincent Desharnais,28,D,VAN,14.25,0.00,2.08,76,76,14.25,0.00,2.08,16.33,1,13,14,0,0,0,1,117,123,60,0,0,47,-527,284,-216,114,,,
Patrik Laine,26,LW,MTL,14.25,2.94,0.00,72,72,14.25,2.94,0.00,17.19,25,27,52,6,8,14,0,27,47,27,110,182,191,-604,332,261,308,,,
Charlie Coyle,32,C,BOS,13.71,1.54,2.48,82,82,13.71,1.54,2.48,17.73,19,29,48,3,3,6,4,100,61,36,672,641,134,-547,296,529,242,,,
Nino Niederreiter,32,"LW,RW",WPG,13.17,1.82,0.00,80,80,13.17,1.82,0.00,14.99,21,17,38,3,1,4,0,117,37,32,27,30,166,-679,374,59,246,,,
Nick Leddy,33,D,STL,19.49,1.05,2.35,81,81,19.49,1.05,2.35,22.89,3,26,29,1,4,5,1,48,121,22,0,0,86,-536,285,-225,177,,,
Luke Kunin,27,C,SJ,12.71,1.14,1.90,80,80,12.71,1.14,1.90,15.75,12,12,24,2,2,4,0,157,66,87,175,209,116,-816,444,260,183,,,
Jason Zucker,33,LW,BUF,12.45,1.52,0.00,76,76,12.45,1.52,0.00,13.97,17,18,35,4,4,8,0,108,28,52,17,25,165,-763,418,101,237,,,
Erik Brannstrom,25,D,COL,16.25,0.74,1.49,78,78,16.25,0.74,1.49,18.48,4,18,22,0,2,2,1,52,122,42,0,0,90,-541,288,-230,169,,,
Brendan Smith,35,D,DAL,13.45,0.00,2.49,72,72,13.45,0.00,2.49,15.94,4,9,13,0,0,0,1,107,106,62,0,0,70,-542,290,-231,129,,,
TJ Oshie,38,RW,WSH,13.73,2.80,0.00,62,62,13.73,2.80,0.00,16.53,16,17,33,8,6,14,0,93,53,45,37,62,109,-682,376,55,199,,,
Yanni Gourde,33,C,SEA,14.74,0.68,1.94,80,80,14.74,0.68,1.94,17.36,15,25,40,1,1,2,3,121,52,60,490,531,140,-656,356,421,224,,,
Carson Soucy,30,D,VAN,15.21,0.00,1.78,78,78,15.21,0.00,1.78,16.99,4,10,14,0,0,0,1,119,116,49,0,0,70,-544,291,-233,134,,,
Justin Schultz,34,D,SEA,14.30,2.29,0.00,75,75,14.30,2.29,0.00,16.59,6,23,29,1,11,12,0,25,79,28,0,0,98,-545,294,-234,181,,,
Jonas Siegenthaler,27,D,NJ,17.40,0.00,1.96,80,80,17.40,0.00,1.96,19.36,2,13,15,0,0,0,0,98,140,39,0,0,85,-545,293,-234,157,,,
Luke Hughes,21,D,NJ,17.74,2.35,0.00,68,68,17.74,2.35,0.00,20.09,6,27,33,2,11,13,0,20,56,27,0,0,103,-545,295,-234,184,,,
Michael Rasmussen,25,C,DET,13.08,0.96,1.75,79,79,13.08,0.96,1.75,15.79,16,19,35,1,3,4,2,122,77,61,153,151,120,-839,451,237,211,,,
Joel Edmundson,31,D,LA,15.11,0.00,2.11,73,73,15.11,0.00,2.11,17.22,3,9,12,0,0,0,1,104,121,58,0,0,69,-548,298,-237,132,,,
Josh Brown,31,D,EDM,12.84,0.00,2.23,62,62,12.84,0.00,2.23,15.07,3,7,10,0,0,0,0,129,102,67,0,0,55,-549,300,-238,108,,,
Andreas Englund,29,D,LA,12.49,0.00,0.90,80,80,12.49,0.00,0.90,13.39,1,10,11,0,0,0,0,178,82,57,0,0,50,-550,302,-239,95,,,
JT Compher,29,"C,LW,RW",DET,14.35,2.47,2.37,79,79,14.35,2.47,2.37,19.19,18,26,44,6,5,11,1,41,71,30,500,583,117,-444,240,294,229,,,
Dmitry Kulikov,34,D,FLA,14.51,0.00,2.43,78,78,14.51,0.00,2.43,16.94,3,16,19,0,0,0,1,114,103,41,0,0,76,-554,305,-243,141,,,
Jackson LaCombe,24,D,ANA,16.33,1.08,2.43,76,76,16.33,1.08,2.43,19.84,4,18,22,0,4,4,2,53,136,32,0,0,73,-559,308,-248,161,,,
Rutger McGroarty,21,"C,RW",PIT,13.75,1.50,0.00,74,74,13.75,1.50,0.00,15.25,15,20,35,3,4,7,0,107,39,42,74,83,145,-678,373,59,221,,,
Max Pacioretty,36,LW,WSH,12.64,2.03,0.00,65,65,12.64,2.03,0.00,14.67,13,24,37,4,10,14,0,88,32,42,19,27,150,-785,430,79,230,,,
Jordan Eberle,34,RW,SEA,14.66,2.45,0.00,79,79,14.66,2.45,0.00,17.11,19,29,48,5,7,12,0,32,30,23,32,42,162,-703,382,34,261,,,
Kirby Dach,24,C,MTL,14.48,3.39,0.58,77,77,14.48,3.39,0.58,18.45,15,25,40,6,9,15,1,60,54,52,144,251,135,-858,465,219,233,,,
Olen Zellweger,21,D,ANA,17.04,1.81,0.00,72,72,17.04,1.81,0.00,18.85,6,19,25,1,6,7,0,47,101,26,0,0,98,-564,311,-253,179,,,
Marco Rossi,23,C,MIN,14.50,2.30,0.00,77,77,14.50,2.30,0.00,16.80,25,25,50,5,6,11,0,34,40,43,341,378,141,-758,416,318,254,,,
Ryan Lindgren,26,D,NYR,16.60,0.00,2.56,75,75,16.60,0.00,2.56,19.16,3,15,18,0,0,0,1,91,120,42,0,0,75,-568,314,-257,146,,,
Kirill Marchenko,24,RW,CBJ,13.77,2.59,0.00,78,78,13.77,2.59,0.00,16.36,23,16,39,8,4,12,0,50,45,19,33,51,186,-710,387,28,279,,,
Evan Rodrigues,31,"C,LW",FLA,13.43,1.77,0.59,79,79,13.43,1.77,0.59,15.79,15,25,40,5,5,10,0,84,32,28,69,80,191,-766,422,98,270,,,
Barrett Hayton,24,C,UTA,13.79,2.58,1.20,81,81,13.79,2.58,1.20,17.57,20,20,40,7,4,11,1,68,42,47,533,540,164,-667,368,409,255,,,
Anton Lundell,23,"C,RW",FLA,12.86,1.51,1.44,77,77,12.86,1.51,1.44,15.81,17,23,40,3,5,8,1,45,45,38,436,392,162,-505,267,233,249,,,
TJ Brodie,34,D,CHI,18.79,0.00,2.78,79,79,18.79,0.00,2.78,21.57,2,21,23,0,0,0,1,44,154,34,0,0,62,-580,322,-269,154,,,
Philipp Kurashev,25,"C,RW",CHI,15.17,2.82,0.54,78,78,15.17,2.82,0.54,18.53,15,30,45,5,11,16,0,27,49,23,122,144,132,-675,371,63,237,,,
Anthony Cirelli,27,C,TB,14.64,1.37,2.23,77,77,14.64,1.37,2.23,18.24,17,27,44,3,4,7,4,52,73,49,464,477,132,-709,386,367,238,,,
Erik Haula,33,"C,LW",NJ,13.63,1.09,1.97,75,75,13.63,1.09,1.97,16.69,16,22,38,2,3,5,2,85,50,47,467,389,146,-570,318,294,229,,,
Nick Bjugstad,32,C,UTA,13.31,1.43,2.12,79,79,13.31,1.43,2.12,16.86,19,17,36,3,2,5,1,125,47,45,560,577,161,-662,363,415,242,,,
Ryan Strome,31,"C,LW",ANA,13.47,2.24,0.25,79,79,13.47,2.24,0.25,15.96,13,25,38,2,7,9,0,48,24,74,254,305,127,-686,378,178,203,,,
Keegan Kolesar,27,RW,VGK,10.65,0.00,0.47,80,80,10.65,0.00,0.47,11.12,7,12,19,0,0,0,1,253,42,62,18,27,73,-738,402,0,118,,,
Christopher Tanev,35,D,TOR,17.12,0.00,2.57,76,76,17.12,0.00,2.57,19.69,2,17,19,0,0,0,0,45,185,25,0,0,67,-589,324,-278,165,,,
Alex Laferriere,23,RW,LA,12.54,1.32,0.00,81,81,12.54,1.32,0.00,13.86,15,16,31,2,5,7,0,105,30,48,32,28,152,-735,401,3,217,,,
Logan Cooley,20,C,UTA,14.13,2.80,0.54,82,82,14.13,2.80,0.54,17.47,23,28,51,5,9,14,1,53,34,26,303,433,171,-748,409,328,281,,,
Michael Kesselring,25,D,UTA,15.58,0.00,0.79,66,66,15.58,0.00,0.79,16.37,4,13,17,0,0,0,0,103,70,58,0,0,76,-594,325,-283,126,,,
Warren Foegele,28,"LW,RW",LA,12.37,0.78,0.83,81,81,12.37,0.78,0.83,13.98,18,19,37,2,1,3,1,92,30,36,13,14,176,-749,410,-11,247,,,
Alex Vlasic,23,D,CHI,17.82,0.75,2.29,79,79,17.82,0.75,2.29,20.86,4,15,19,0,3,3,0,56,135,28,0,0,86,-600,329,-289,167,,,
William Karlsson,32,C,VGK,13.33,2.27,1.80,77,77,13.33,2.27,1.80,17.40,21,30,51,5,6,11,3,43,51,17,578,466,168,-667,367,409,280,,,
Oliver Kylington,27,D,COL,16.51,0.00,0.77,78,78,16.51,0.00,0.77,17.28,7,16,23,0,0,0,0,55,115,27,0,0,102,-602,330,-291,179,,,
Sean Monahan,30,C,CBJ,13.22,3.11,1.38,79,79,13.22,3.11,1.38,17.71,20,29,49,7,10,17,1,32,40,22,612,510,159,-649,352,427,270,,,
Samuel Girard,26,D,COL,16.90,0.99,1.79,69,69,16.90,0.99,1.79,19.68,4,21,25,0,3,3,1,74,110,17,0,0,85,-603,331,-292,165,,,
Brandon Tanev,33,LW,SEA,11.96,0.00,2.55,81,81,11.96,0.00,2.55,14.51,15,13,28,0,0,0,3,175,73,47,14,27,103,-833,450,32,179,,,
Robby Fabbri,29,"C,LW",ANA,11.35,2.10,0.00,78,78,11.35,2.10,0.00,13.45,18,18,36,6,8,14,0,88,34,44,74,59,110,-803,438,61,199,,,
Conor Timmins,26,D,TOR,14.54,1.60,0.00,62,62,14.54,1.60,0.00,16.14,4,22,26,1,7,8,0,72,64,33,0,0,63,-609,333,-298,133,,,
Will Smith,20,C,SJ,13.75,2.25,0.00,75,75,13.75,2.25,0.00,16.00,20,23,43,4,6,10,0,63,40,45,247,295,143,-851,461,225,239,,,
Adam Boqvist,24,D,FLA,16.09,2.25,0.00,74,74,16.09,2.25,0.00,18.34,7,21,28,2,8,10,0,29,88,14,0,0,96,-616,335,-305,181,,,
Connor Mackey,28,D,NYR,14.13,0.00,1.42,60,60,14.13,0.00,1.42,15.55,4,10,14,0,0,0,1,104,73,64,0,0,62,-616,336,-305,110,,,
Kevin Korchinski,20,D,CHI,17.46,1.81,0.52,79,79,17.46,1.81,0.52,19.79,5,18,23,0,8,8,0,30,93,27,0,0,103,-619,338,-308,177,,,
Nicolas Roy,27,"C,RW",VGK,12.56,1.70,1.34,80,80,12.56,1.70,1.34,15.60,16,22,38,3,3,6,1,76,45,38,409,461,127,-565,312,173,211,,,
Cole Smith,29,LW,NSH,11.42,0.00,2.11,80,80,11.42,0.00,2.11,13.53,9,14,23,0,0,0,3,207,34,68,12,20,96,-855,462,9,144,,,
Frank Nazar,21,C,CHI,13.75,2.50,0.00,74,74,13.75,2.50,0.00,16.25,17,23,40,5,6,11,0,71,39,45,246,293,144,-872,473,204,233,,,
William Carrier,30,LW,CAR,11.20,1.23,0.57,74,74,11.20,1.23,0.57,13.00,16,13,29,2,3,5,0,157,34,39,28,29,145,-850,459,14,209,,,
Reilly Smith,33,RW,NYR,13.51,1.70,0.91,80,80,13.51,1.70,0.91,16.12,18,26,44,3,5,8,1,56,33,16,11,18,165,-784,428,-46,254,,,
Anthony Duclair,29,LW,NYI,13.71,1.82,0.00,76,76,13.71,1.82,0.00,15.53,22,22,44,5,5,10,0,47,34,28,20,29,149,-857,464,8,246,,,
Jake Bean,26,D,CGY,16.50,0.00,1.12,77,77,16.50,0.00,1.12,17.62,5,15,20,0,0,0,1,41,124,36,0,0,87,-633,342,-322,163,,,
Dylan Samberg,26,D,WPG,13.61,0.00,2.00,79,79,13.61,0.00,2.00,15.61,2,15,17,0,0,0,1,72,132,33,0,0,74,-635,344,-324,147,,,
Yakov Trenin,28,C,MIN,12.52,1.16,1.95,78,78,12.52,1.16,1.95,15.63,16,13,29,2,3,5,2,176,38,46,87,106,138,-963,512,113,204,,,
Brandon Duhaime,27,RW,WSH,9.14,0.00,1.63,80,80,9.14,0.00,1.63,10.77,8,8,16,0,0,0,2,189,35,81,9,14,96,-790,434,-53,132,,,
John Ludvig,24,D,PIT,12.56,0.00,0.92,64,64,12.56,0.00,0.92,13.48,4,8,12,0,0,0,0,119,72,61,0,0,56,-637,346,-326,101,,,
Nikita Okhotiuk,24,D,CGY,15.20,0.00,0.90,60,60,15.20,0.00,0.90,16.10,2,9,11,0,0,0,0,133,90,48,0,0,62,-638,347,-327,110,,,
Sam Carrick,32,C,NYR,9.52,1.02,1.90,77,77,9.52,1.02,1.90,12.44,10,10,20,2,2,4,1,138,36,107,363,334,94,-820,445,256,143,,,
Mathieu Joseph,27,RW,STL,13.40,1.05,1.95,78,78,13.40,1.05,1.95,16.40,12,23,35,1,2,3,4,104,49,41,30,49,119,-784,429,-47,194,,,
Colton Sissons,31,"C,LW",NSH,12.43,1.25,2.26,82,82,12.43,1.25,2.26,15.94,13,22,35,3,3,6,3,134,61,31,607,546,103,-554,306,310,189,,,
Michael McCarron,29,RW,NSH,10.96,0.00,1.34,71,71,10.96,0.00,1.34,12.30,10,8,18,0,0,0,1,142,53,85,307,266,90,-641,349,96,139,,,
Nick Perbix,26,D,TB,16.28,0.00,0.68,79,79,16.28,0.00,0.68,16.96,4,19,23,0,0,0,0,74,108,21,0,0,84,-648,351,-337,157,,,
Chandler Stephenson,30,C,SEA,14.19,2.68,1.55,78,78,14.19,2.68,1.55,18.42,15,36,51,5,9,14,2,46,48,27,573,515,102,-717,393,359,217,,,
Jan Rutta,34,D,SJ,16.38,0.00,2.85,72,72,16.38,0.00,2.85,19.23,4,12,16,0,0,0,1,66,111,43,0,0,76,-652,354,-341,141,,,
Maxim Tsyplakov,26,RW,NYI,12.50,1.25,0.00,76,76,12.50,1.25,0.00,13.75,14,19,33,2,3,5,0,115,36,39,69,78,121,-775,426,-37,192,,,
Matty Beniers,22,C,SEA,15.01,2.69,0.39,80,80,15.01,2.69,0.39,18.09,20,27,47,6,7,13,0,55,49,15,506,579,149,-757,414,319,257,,,
Travis Hamonic,34,D,OTT,13.59,0.00,1.89,69,69,13.59,0.00,1.89,15.48,3,9,12,0,0,0,1,72,117,45,0,0,84,-656,358,-345,143,,,
Erik Johnson,36,D,PHI,12.54,0.00,2.32,73,73,12.54,0.00,2.32,14.86,4,7,11,0,0,0,1,135,113,25,0,0,77,-657,359,-346,135,,,
Will Cuylle,22,LW,NYR,11.10,0.00,0.00,82,82,11.10,0.00,0.00,11.10,12,10,22,0,0,0,0,211,29,54,18,23,121,-883,474,-19,166,,,
Matt Grzelcyk,31,D,PIT,16.58,1.06,0.75,71,71,16.58,1.06,0.75,18.39,4,18,22,1,4,5,0,51,88,28,0,0,86,-661,360,-350,155,,,
Jordan Spence,23,D,LA,13.60,1.65,0.00,76,76,13.60,1.65,0.00,15.25,4,21,25,1,6,7,0,67,72,15,0,0,91,-661,362,-350,159,,,
Derek Forbort,32,D,VAN,14.78,0.00,3.02,70,70,14.78,0.00,3.02,17.80,2,10,12,0,0,0,1,113,123,37,0,0,48,-661,361,-350,112,,,
Blake Wheeler,38,RW,NYR,12.26,1.25,0.52,81,81,12.26,1.25,0.52,14.03,14,26,40,3,3,6,0,41,47,38,61,45,131,-789,433,-52,217,,,
Brett Kulak,31,D,EDM,14.61,0.00,1.11,82,82,14.61,0.00,1.11,15.72,3,14,17,0,0,0,1,81,92,36,0,0,93,-663,365,-352,149,,,
Henri Jokiharju,25,D,BUF,17.90,0.00,1.17,78,78,17.90,0.00,1.17,19.07,3,15,18,0,0,0,1,82,100,31,0,0,87,-664,366,-352,148,,,
Nick Jensen,34,D,OTT,16.96,0.00,2.70,78,78,16.96,0.00,2.70,19.66,3,17,20,0,0,0,1,75,124,18,0,0,81,-667,369,-356,156,,,
Jayden Struble,23,D,MTL,15.75,0.00,0.59,66,66,15.75,0.00,0.59,16.34,3,10,13,0,0,0,0,131,71,46,0,0,62,-668,370,-356,107,,,
Sean Couturier,32,C,PHI,14.29,2.34,1.28,73,73,14.29,2.34,1.28,17.91,14,26,40,4,6,10,2,51,45,33,622,529,180,-714,391,362,264,,,
Stefan Noesen,31,"LW,RW",NJ,10.27,1.68,0.00,80,80,10.27,1.68,0.00,11.95,14,20,34,4,6,10,0,103,24,33,52,65,113,-809,439,-72,186,,,
Jean-Gabriel Pageau,32,C,NYI,12.62,1.57,1.92,82,82,12.62,1.57,1.92,16.11,12,23,35,2,2,4,4,172,75,20,681,548,108,-688,380,388,196,,,
Josh Doan,22,"LW,RW",ARI,12.30,1.50,0.00,76,76,12.30,1.50,0.00,13.80,14,19,33,3,4,7,0,88,36,39,30,30,123,-823,447,-85,196,,,
Leo Carlsson,20,C,ANA,15.38,2.57,0.00,74,74,15.38,2.57,0.00,17.95,19,27,46,5,8,13,0,35,36,27,305,446,150,-891,477,186,250,,,
Nathan Bastian,27,RW,NJ,9.11,0.83,0.95,80,80,9.11,0.83,0.95,10.89,11,9,20,1,0,1,1,176,49,57,27,30,91,-824,448,-87,144,,,
Trevor van Riemsdyk,33,D,WSH,16.88,0.00,1.84,76,76,16.88,0.00,1.84,18.72,3,16,19,0,0,0,1,25,137,30,0,0,83,-687,379,-376,161,,,
Michael Pezzetta,26,LW,MTL,7.91,0.00,0.64,69,69,7.91,0.00,0.64,8.55,5,8,13,0,0,0,0,239,31,85,14,17,59,-914,485,-50,90,,,
Max Jones,26,LW,BOS,11.46,1.35,0.00,76,76,11.46,1.35,0.00,12.81,11,13,24,2,3,5,0,141,23,64,25,31,118,-912,484,-48,167,,,
Daniel Sprong,27,RW,VAN,10.25,1.85,0.00,78,78,10.25,1.85,0.00,12.10,19,21,40,5,7,12,0,33,19,18,12,9,170,-845,457,-108,252,,,
Paul Cotter,25,C,NJ,12.23,1.24,0.00,77,77,12.23,1.24,0.00,13.47,13,17,30,3,4,7,0,212,29,28,39,40,109,-1046,553,30,175,,,
Jack McBain,25,C,UTA,11.01,0.00,1.82,79,79,11.01,0.00,1.82,12.83,10,16,26,0,0,0,0,224,51,55,332,410,68,-890,476,186,131,,,
Scott Perunovich,26,D,STL,13.55,2.14,0.00,72,72,13.55,2.14,0.00,15.69,2,22,24,1,10,11,0,32,71,27,0,0,60,-701,381,-390,131,,,
Casey Mittelstadt,26,C,COL,14.77,2.36,0.50,81,81,14.77,2.36,0.50,17.63,16,36,52,3,8,11,1,25,31,24,484,561,139,-816,443,260,243,,,
Anthony Mantha,30,RW,CGY,12.66,1.48,0.00,76,76,12.66,1.48,0.00,14.14,18,21,39,2,4,6,0,59,33,31,10,13,125,-856,463,-119,208,,,
Cole Sillinger,21,C,CBJ,12.98,1.28,1.71,78,78,12.98,1.28,1.71,15.97,14,15,29,3,2,5,1,111,66,40,432,511,155,-846,458,230,228,,,
John Marino,27,D,UTA,17.81,0.00,2.96,76,76,17.81,0.00,2.96,20.77,4,19,23,0,0,0,0,42,101,31,0,0,66,-709,384,-398,138,,,
Troy Stecher,30,D,EDM,15.86,0.00,2.01,72,72,15.86,0.00,2.01,17.87,3,9,12,0,0,0,0,78,106,39,0,0,77,-709,385,-398,133,,,
Mike Reilly,31,D,NYI,15.45,1.49,0.00,63,63,15.45,1.49,0.00,16.94,4,15,19,1,5,6,0,59,62,26,0,0,104,-712,388,-401,157,,,
Brayden Pachal,25,D,CGY,14.13,0.00,1.12,57,57,14.13,0.00,1.12,15.25,2,8,10,0,0,0,1,128,74,43,0,0,67,-712,390,-401,107,,,
Cam Atkinson,35,RW,TB,12.65,2.05,1.41,74,74,12.65,2.05,1.41,16.11,17,18,35,3,4,7,1,31,49,22,21,22,180,-861,467,-123,258,,,
Emil Martinsen Lilleberg,23,D,TB,16.09,0.00,0.00,68,68,16.09,0.00,0.00,16.09,4,13,17,0,0,0,0,77,87,35,0,0,74,-715,392,-404,131,,,
Jason Dickinson,29,C,CHI,13.46,0.94,2.03,82,82,13.46,0.94,2.03,16.43,15,15,30,2,2,4,1,128,78,35,511,526,119,-821,446,255,202,,,
Luke Evangelista,22,RW,NSH,12.04,2.55,0.00,76,76,12.04,2.55,0.00,14.59,18,22,40,4,6,10,0,28,24,19,15,16,164,-871,472,-134,245,,,
Johnathan Kovacevic,27,D,NJ,14.44,0.00,2.19,71,71,14.44,0.00,2.19,16.63,5,9,14,0,0,0,0,75,93,42,0,0,63,-723,395,-412,120,,,
Dante Fabbro,26,D,NSH,15.03,0.00,1.42,69,69,15.03,0.00,1.42,16.45,3,13,16,0,0,0,0,54,112,32,0,0,77,-726,396,-415,141,,,
Jacob Bernard-Docker,24,D,OTT,14.53,0.00,1.46,72,72,14.53,0.00,1.46,15.99,3,9,12,0,0,0,1,63,134,32,0,0,63,-728,399,-417,131,,,
Nicolas Deslauriers,33,LW,PHI,8.44,0.00,0.95,70,70,8.44,0.00,0.95,9.39,4,5,9,0,0,0,1,196,31,105,9,14,59,-959,506,-94,83,,,
Matias Maccelli,24,LW,UTA,14.02,2.04,0.57,81,81,14.02,2.04,0.57,16.63,14,35,49,2,9,11,0,27,30,18,15,17,119,-956,505,-92,218,,,
Sam Lafferty,29,"C,RW",BUF,11.30,0.79,0.70,80,80,11.30,0.79,0.70,12.79,11,14,25,1,2,3,1,168,35,39,170,221,90,-799,436,-62,147,,,
Ridly Greig,22,C,OTT,12.38,1.47,1.38,73,73,12.38,1.47,1.38,15.23,13,17,30,3,3,6,1,117,36,58,197,256,109,-1001,532,75,177,,,
Beck Malenstyn,26,LW,BUF,11.71,0.00,2.60,78,78,11.71,0.00,2.60,14.31,8,14,22,0,0,0,3,203,80,28,37,41,94,-948,502,-83,158,,,
Ryan Donato,28,"C,LW",CHI,11.84,1.39,0.58,79,79,11.84,1.39,0.58,13.81,15,16,31,2,2,4,0,90,25,45,88,111,148,-926,490,-61,209,,,
Philip Broberg,23,D,STL,16.50,0.00,1.15,77,77,16.50,0.00,1.15,17.65,4,15,19,0,0,0,0,59,89,27,0,0,86,-739,403,-428,146,,,
Cal Clutterbuck,37,RW,NYI,10.21,0.00,1.81,81,81,10.21,0.00,1.81,12.02,8,11,19,0,0,0,1,249,50,29,16,24,66,-890,475,-152,116,,,
Kurtis MacDermid,30,D,NJ,7.34,0.00,0.66,57,57,7.34,0.00,0.66,8.00,4,4,8,0,0,0,0,115,21,84,25,22,34,-727,397,-416,55,,,
Victor Soderstrom,23,D,UTA,15.28,1.37,0.00,63,63,15.28,1.37,0.00,16.65,2,14,16,1,5,6,0,40,88,36,0,0,69,-741,405,-430,129,,,
Mathieu Olivier,27,RW,CBJ,10.84,0.00,0.63,63,63,10.84,0.00,0.63,11.47,6,9,15,0,0,0,0,169,46,76,12,21,65,-894,479,-156,105,,,
Evgeny Kuznetsov,32,"C,LW",WSH,13.94,2.30,1.31,71,71,13.94,2.30,1.31,17.55,11,28,39,3,10,13,0,28,26,40,379,466,120,-774,425,90,201,,,
Andrew Peeke,26,D,BOS,15.23,0.00,1.98,56,56,15.23,0.00,1.98,17.21,2,9,11,0,0,0,1,117,114,23,0,0,52,-745,407,-434,111,,,
Egor Zamula,24,D,PHI,14.34,1.61,0.00,66,66,14.34,1.61,0.00,15.95,3,17,20,1,7,8,0,35,86,26,0,0,58,-746,408,-435,128,,,
Justin Barron,23,D,MTL,16.47,1.30,0.73,58,58,16.47,1.30,0.73,18.50,5,14,19,1,3,4,1,59,73,28,0,0,71,-749,411,-438,131,,,
Parker Kelly,25,LW,COL,9.35,0.00,2.21,80,80,9.35,0.00,2.21,11.56,8,9,17,0,0,0,2,180,60,60,15,33,85,-977,519,-112,134,,,
Jalen Chatfield,28,D,CAR,14.36,0.00,0.76,75,75,14.36,0.00,0.76,15.12,5,12,17,0,0,0,1,66,71,33,0,0,92,-751,412,-439,142,,,
Pat Maroon,36,LW,CHI,11.70,0.97,0.00,64,64,11.70,0.97,0.00,12.67,6,12,18,1,2,3,0,96,17,114,18,26,68,-975,518,-111,104,,,
Noah Juulsen,27,D,VAN,13.45,0.00,1.74,60,60,13.45,0.00,1.74,15.19,1,7,8,0,0,0,0,164,92,27,0,0,37,-751,413,-440,83,,,
Alexander Kerfoot,30,"C,LW",UTA,12.41,1.07,1.65,82,82,12.41,1.07,1.65,15.13,13,25,38,2,3,5,3,56,59,28,80,97,124,-945,500,-81,210,,,
Brian Dumoulin,33,D,ANA,15.76,0.00,1.79,80,80,15.76,0.00,1.79,17.55,4,13,17,0,0,0,0,71,106,20,0,0,70,-759,417,-448,135,,,
Danton Heinen,29,LW,VAN,12.47,0.94,1.29,77,77,12.47,0.94,1.29,14.70,16,20,36,2,2,4,1,80,48,24,19,25,135,-983,523,-119,215,,,
Sean Kuraly,32,C,CBJ,11.86,0.00,2.09,78,78,11.86,0.00,2.09,13.95,11,11,22,0,0,0,2,179,48,56,391,413,110,-926,491,150,162,,,
Tye Kartye,23,LW,SEA,11.62,0.00,0.51,80,80,11.62,0.00,0.51,12.13,12,11,23,0,0,0,0,190,33,38,57,62,114,-968,514,-104,162,,,
Henry Thrun,23,D,SJ,17.29,1.22,1.68,64,64,17.29,1.22,1.68,20.19,3,15,18,1,4,5,1,34,92,27,0,0,72,-764,419,-453,137,,,
Jaden Schwartz,32,C,SEA,14.17,2.20,0.55,77,77,14.17,2.20,0.55,16.92,17,22,39,6,3,9,0,52,35,28,99,85,159,-1085,568,-9,242,,,
Calvin de Haan,33,D,COL,14.47,0.00,1.61,66,66,14.47,0.00,1.61,16.08,3,9,12,0,0,0,0,99,96,27,0,0,66,-766,420,-455,119,,,
Colin Miller,32,D,WPG,14.75,0.00,0.78,65,65,14.75,0.00,0.78,15.53,4,10,14,0,0,0,0,101,62,32,0,0,81,-766,421,-455,123,,,
Tyler Johnson,34,C,CHI,12.75,2.45,0.00,79,79,12.75,2.45,0.00,15.20,16,19,35,6,8,14,0,61,35,33,159,188,130,-1057,556,19,214,,,
Jordan Harris,24,D,CBJ,15.96,0.00,1.56,72,72,15.96,0.00,1.56,17.52,4,11,15,0,0,0,0,41,112,35,0,0,63,-769,423,-458,128,,,
Morgan Frost,25,C,PHI,13.11,2.60,0.53,77,77,13.11,2.60,0.53,16.24,14,24,38,3,5,8,0,62,56,25,423,443,143,-917,487,159,230,,,
Nate Schmidt,33,D,FLA,14.74,1.56,0.85,70,70,14.74,1.56,0.85,17.15,4,14,18,1,3,4,0,59,88,14,0,0,86,-770,424,-459,148,,,
Corey Perry,39,RW,EDM,11.33,1.76,0.00,66,66,11.33,1.76,0.00,13.09,13,13,26,4,2,6,0,47,24,71,5,5,102,-928,492,-190,159,,,
Zach Benson,19,LW,BUF,12.70,1.77,0.83,77,77,12.70,1.77,0.83,15.30,16,20,36,3,3,6,0,38,40,42,34,39,121,-992,529,-128,201,,,
Ondrej Palat,33,LW,NJ,13.64,1.35,0.62,73,73,13.64,1.35,0.62,15.61,13,23,36,1,3,4,0,88,54,24,9,19,112,-1006,536,-142,193,,,
Alex Newhook,24,C,MTL,13.50,2.84,0.00,79,79,13.50,2.84,0.00,16.34,18,24,42,4,6,10,0,46,41,24,285,354,129,-1001,533,75,224,,,
Albert Johansson,24,D,DET,16.09,0.00,0.00,64,64,16.09,0.00,0.00,16.09,3,12,15,0,0,0,0,72,82,33,0,0,70,-780,427,-469,121,,,
Connor Zary,23,"C,RW",CGY,13.07,2.35,0.00,70,70,13.07,2.35,0.00,15.42,15,24,39,2,6,8,0,35,33,28,72,83,104,-905,481,-168,188,,,
Carl Grundstrom,27,RW,SJ,10.48,0.00,0.50,80,80,10.48,0.00,0.50,10.98,13,10,23,0,0,0,0,168,30,25,11,20,135,-939,499,-201,181,,,
Jack Johnson,38,D,CBJ,14.36,0.00,1.25,79,79,14.36,0.00,1.25,15.61,2,9,11,0,0,0,0,75,94,35,0,0,71,-787,431,-476,120,,,
Ben Hutton,31,D,VGK,15.00,1.40,0.00,60,60,15.00,1.40,0.00,16.40,4,14,18,1,4,5,0,26,77,24,0,0,95,-788,432,-477,152,,,
Alexandre Texier,25,C,STL,12.95,1.27,1.78,80,80,12.95,1.27,1.78,16.00,16,24,40,2,5,7,2,49,39,36,33,44,127,-1144,604,-68,213,,,
AJ Greer,28,LW,FLA,8.81,0.00,0.57,77,77,8.81,0.00,0.57,9.38,7,9,16,0,0,0,0,116,34,97,16,15,77,-1016,542,-152,114,,,
Ryan Lomberg,30,LW,CGY,9.44,0.00,0.39,79,79,9.44,0.00,0.39,9.83,8,6,14,0,0,0,0,156,22,87,10,16,88,-1020,544,-156,117,,,
Logan O'Connor,28,"C,RW",COL,12.42,0.00,2.16,80,80,12.42,0.00,2.16,14.58,12,16,28,0,0,0,3,78,58,42,31,39,114,-934,494,-197,180,,,
Eetu Luostarinen,26,C,FLA,12.49,1.03,2.53,82,82,12.49,1.03,2.53,16.05,15,20,35,3,3,6,2,97,58,23,141,165,118,-1100,578,-24,203,,,
Givani Smith,26,RW,SJ,7.99,0.00,0.00,63,63,7.99,0.00,0.00,7.99,3,6,9,0,0,0,0,121,22,115,8,10,56,-960,508,-222,76,,,
Lars Eller,35,C,PIT,12.38,1.37,2.01,82,82,12.38,1.37,2.01,15.76,15,18,33,3,3,6,2,60,51,38,489,451,141,-919,488,157,218,,,
Pierre-Olivier Joseph,25,D,STL,14.61,0.30,0.55,70,70,14.61,0.30,0.55,15.46,3,15,18,0,1,1,0,65,59,30,0,0,72,-810,440,-499,119,,,
Zemgus Girgensons,31,LW,TB,11.02,1.28,1.09,76,76,11.02,1.28,1.09,13.39,13,12,25,3,3,6,1,138,43,27,130,141,106,-978,521,-114,169,,,
James van Riemsdyk,35,LW,BOS,11.37,2.33,0.00,76,76,11.37,2.33,0.00,13.70,15,22,37,6,5,11,0,30,25,24,14,15,142,-1040,550,-176,219,,,
Calle Rosen,30,D,COL,14.92,0.00,0.88,70,70,14.92,0.00,0.88,15.80,7,15,22,0,0,0,0,26,83,21,0,0,77,-813,441,-502,143,,,
Jacob MacDonald,31,D,COL,11.27,1.39,0.00,64,64,11.27,1.39,0.00,12.66,6,8,14,1,4,5,0,61,46,32,0,0,84,-815,442,-504,126,,,
Jesperi Kotkaniemi,24,C,CAR,11.73,1.47,0.39,81,81,11.73,1.47,0.39,13.59,15,20,35,2,4,6,1,62,31,45,328,310,126,-1015,541,61,199,,,
Valtteri Puustinen,25,RW,PIT,10.71,1.69,0.00,76,76,10.71,1.69,0.00,12.40,11,21,32,3,5,8,0,59,43,17,33,34,132,-960,507,-222,203,,,
Jonatan Berggren,24,RW,DET,13.00,1.87,0.00,76,76,13.00,1.87,0.00,14.87,16,17,33,5,5,10,0,32,37,24,31,30,122,-961,510,-224,200,,,
Jordan Martinook,32,LW,CAR,12.90,0.00,1.57,82,82,12.90,0.00,1.57,14.47,14,17,31,0,0,0,2,66,34,45,47,49,142,-1030,547,-165,202,,,
Joel Armia,31,RW,MTL,12.20,1.15,2.65,72,72,12.20,1.15,2.65,16.00,14,12,26,2,2,4,1,64,46,32,17,23,143,-971,516,-233,204,,,
Vladislav Namestnikov,32,"C,LW",WPG,11.77,1.25,1.15,78,78,11.77,1.25,1.15,14.17,11,20,31,2,2,4,1,84,46,40,142,241,95,-981,522,-117,165,,,
Dawson Mercer,23,C,NJ,13.97,1.65,1.64,82,82,13.97,1.65,1.64,17.26,21,19,40,3,2,5,1,26,52,27,123,175,144,-1131,600,-55,236,,,
Andre Burakovsky,29,LW,SEA,12.58,2.24,0.00,75,75,12.58,2.24,0.00,14.82,14,24,38,5,8,13,0,22,25,20,10,11,137,-1053,554,-189,217,,,
Sebastian Aho (D),28,D,PIT,15.13,0.98,0.61,68,68,15.13,0.98,0.61,16.72,3,15,18,0,3,3,0,43,85,20,0,0,67,-825,449,-514,127,,,
Jordan Staal,36,C,CAR,13.15,0.00,2.17,80,80,13.15,0.00,2.17,15.32,14,19,33,0,0,0,3,131,40,31,753,555,120,-802,437,275,188,,,
Alexei Toropchenko,25,RW,STL,11.22,0.00,1.07,81,81,11.22,0.00,1.07,12.29,11,7,18,0,0,0,1,150,61,30,7,10,111,-986,526,-249,162,,,
Ilya Mikheyev,30,RW,CHI,12.72,1.04,0.96,80,80,12.72,1.04,0.96,14.72,18,19,37,2,1,3,1,46,27,12,13,25,159,-984,524,-247,230,,,
Jack Roslovic,28,C,CAR,13.51,1.13,1.05,80,80,13.51,1.13,1.05,15.69,14,29,43,2,5,7,2,38,41,17,156,200,143,-1128,597,-52,231,,,
Robert Bortuzzo,35,D,UFA,12.29,0.00,1.50,63,63,12.29,0.00,1.50,13.79,1,4,5,0,0,0,0,82,100,46,0,0,37,-839,452,-528,82,,,
Urho Vaakanainen,26,D,ANA,15.59,0.00,1.89,74,74,15.59,0.00,1.89,17.48,2,11,13,0,0,0,1,61,97,21,0,0,74,-843,454,-532,127,,,
Olli Maatta,30,D,DET,15.50,0.00,0.99,76,76,15.50,0.00,0.99,16.49,3,13,16,0,0,0,0,57,109,15,0,0,54,-843,455,-532,119,,,
Shane Wright,21,C,SEA,12.32,1.80,0.00,72,72,12.32,1.80,0.00,14.12,14,19,33,3,5,8,0,69,34,38,210,237,120,-1106,583,-29,193,,,
Nils Lundkvist,24,D,DAL,13.51,1.13,0.00,70,70,13.51,1.13,0.00,14.64,4,14,18,1,2,3,0,48,59,18,0,0,90,-845,456,-534,139,,,
Nic Dowd,34,C,WSH,12.56,0.00,2.30,73,73,12.56,0.00,2.30,14.86,13,13,26,0,0,0,1,134,76,43,528,558,75,-937,497,139,150,,,
Mark Kastelic,25,C,BOS,7.98,0.00,0.61,75,75,7.98,0.00,0.61,8.59,7,6,13,0,0,0,0,140,40,96,285,246,76,-1067,558,9,111,,,
Alex Iafallo,31,"C,LW,RW",WPG,12.43,1.61,1.47,79,79,12.43,1.61,1.47,15.51,14,18,32,4,2,6,1,35,58,14,14,21,137,-1000,531,-262,215,,,
Yegor Chinakhov,23,RW,CBJ,12.66,1.99,0.60,71,71,12.66,1.99,0.60,15.25,15,16,31,3,2,5,0,55,41,18,11,24,137,-1003,534,-266,206,,,
Declan Chisholm,25,D,MIN,14.78,1.85,0.75,49,49,14.78,1.85,0.75,17.38,3,14,17,1,6,7,0,26,64,28,0,0,55,-858,466,-547,111,,,
Connor McMichael,24,C,WSH,13.08,1.50,1.35,78,78,13.08,1.50,1.35,15.93,18,17,35,3,4,7,1,45,41,28,327,436,143,-1057,555,19,223,,,
Cole Perfetti,23,"C,LW",WPG,11.71,2.30,0.00,76,76,11.71,2.30,0.00,14.01,16,21,37,5,5,10,0,35,25,15,40,62,137,-1074,563,-210,215,,,
Milan Lucic,36,LW,UFA,11.06,0.00,0.00,80,80,11.06,0.00,0.00,11.06,8,11,19,0,0,0,0,167,22,59,25,26,74,-1083,566,-219,112,,,
Nick Blankenburg,26,D,NSH,15.99,1.45,1.20,45,45,15.99,1.45,1.20,18.64,4,10,14,1,4,5,0,77,66,17,0,0,54,-862,468,-551,105,,,
Kyle Okposo,36,RW,BUF,11.66,1.11,0.89,72,72,11.66,1.11,0.89,13.66,12,15,27,2,2,4,1,64,32,34,135,147,126,-953,504,-215,183,,,
Alexander Holtz,23,RW,VGK,12.50,1.64,0.00,77,77,12.50,1.64,0.00,14.14,15,15,30,3,2,5,0,46,25,32,24,32,128,-1013,539,-275,190,,,
Thomas Bordeleau,23,C,SJ,12.31,2.88,0.00,64,64,12.31,2.88,0.00,15.19,14,16,30,6,7,13,0,37,38,42,145,133,116,-1163,612,-87,192,,,
Dakota Mermis,31,D,TOR,13.74,0.00,0.98,60,60,13.74,0.00,0.98,14.72,3,8,11,0,0,0,0,56,77,38,0,0,58,-867,469,-556,103,,,
Marc-Edouard Vlasic,37,D,SJ,14.75,0.00,1.83,63,63,14.75,0.00,1.83,16.58,4,9,13,0,0,0,0,35,109,22,0,0,66,-867,471,-556,127,,,
Jonah Gadjovich,26,LW,FLA,7.80,0.00,0.00,64,64,7.80,0.00,0.00,7.80,4,4,8,0,0,0,0,123,20,117,6,6,49,-1100,577,-235,68,,,
Barclay Goodrow,31,C,SJ,11.02,0.00,1.88,80,80,11.02,0.00,1.88,12.90,7,13,20,0,0,0,2,137,72,61,318,287,68,-1072,560,4,127,,,
Mackie Samoskevich,22,RW,FLA,12.31,0.60,0.00,74,74,12.31,0.60,0.00,12.91,12,16,28,1,2,3,0,77,35,31,16,16,109,-1024,545,-287,169,,,
Tanner Pearson,32,LW,VGK,11.10,1.26,0.94,76,76,11.10,1.26,0.94,13.30,9,13,22,2,2,4,0,71,42,54,18,34,113,-1103,581,-239,165,,,
MacKenzie Entwistle,25,RW,FLA,10.60,1.65,0.62,72,72,10.60,1.65,0.62,12.87,8,11,19,2,4,6,1,139,35,36,165,209,72,-951,503,-213,121,,,
Michael Carcone,28,LW,UTA,11.09,1.20,0.00,71,71,11.09,1.20,0.00,12.29,16,13,29,2,3,5,0,61,25,41,22,27,112,-1105,582,-240,175,,,
Pierre Engvall,28,LW,NYI,13.47,1.39,0.59,77,77,13.47,1.39,0.59,15.45,14,21,35,2,4,6,1,35,20,26,34,39,143,-1102,580,-238,209,,,
Justin Brazeau,26,RW,BOS,11.27,0.00,0.00,76,76,11.27,0.00,0.00,11.27,12,11,23,0,0,0,0,149,40,20,56,64,98,-1015,540,-277,151,,,
Mason Appleton,29,"C,RW",WPG,14.17,0.00,1.71,79,79,14.17,0.00,1.71,15.88,10,21,31,0,0,0,1,86,37,22,13,16,115,-1039,549,-301,175,,,
Nils Hoglander,24,LW,VAN,11.62,1.04,0.00,76,76,11.62,1.04,0.00,12.66,17,13,30,2,1,3,0,79,22,31,9,8,124,-1117,590,-253,185,,,
Taylor Raddysh,26,RW,WSH,12.44,2.07,1.43,77,77,12.44,2.07,1.43,15.94,12,13,25,3,3,6,2,87,36,19,22,37,123,-1037,548,-299,181,,,
Jaycob Megna,32,D,UFA,15.97,0.00,1.70,57,57,15.97,0.00,1.70,17.67,1,7,8,0,0,0,1,77,103,25,0,0,44,-892,478,-581,94,,,
Andrew Copp,30,"C,LW",DET,13.32,0.93,2.35,79,79,13.32,0.93,2.35,16.60,14,22,36,1,3,4,2,28,50,24,518,461,116,-850,460,14,196,,,
Filip Chytil,25,C,NYR,12.87,1.57,0.00,73,73,12.87,1.57,0.00,14.44,17,18,35,3,3,6,0,31,38,24,221,311,161,-1151,605,-75,236,,,
Matthew Poitras,20,C,BOS,13.35,1.85,0.00,73,73,13.35,1.85,0.00,15.20,13,26,39,2,6,8,0,46,36,24,248,304,109,-1138,602,-62,192,,,
Brandon Saad,32,LW,STL,13.40,1.60,0.63,81,81,13.40,1.60,0.63,15.63,21,18,39,4,2,6,1,15,25,16,15,19,137,-1125,596,-261,219,,,
Marcus Johansson,34,LW,MIN,13.50,1.90,0.51,80,80,13.50,1.90,0.51,15.91,12,24,36,3,8,11,0,35,32,14,18,37,115,-1124,594,-259,193,,,
Tommy Novak,27,C,NSH,11.95,2.13,0.00,78,78,11.95,2.13,0.00,14.08,16,28,44,6,7,13,0,8,33,11,228,305,118,-1151,606,-75,214,,,
Nick Cousins,31,C,FLA,11.63,0.00,0.00,82,82,11.63,0.00,0.00,11.63,9,14,23,0,0,0,0,116,40,52,31,27,119,-1257,636,-180,167,,,
Sammy Blais,28,LW,VAN,9.91,1.22,0.00,64,64,9.91,1.22,0.00,11.13,4,12,16,1,3,4,0,205,27,40,14,18,54,-1130,599,-266,91,,,
Logan Stanley,26,D,WPG,12.85,0.00,1.13,45,45,12.85,0.00,1.13,13.98,2,5,7,0,0,0,0,78,65,43,0,0,44,-903,480,-592,78,,,
Drew O'Connor,26,LW,PIT,12.88,0.00,1.42,78,78,12.88,0.00,1.42,14.30,15,14,29,0,0,0,1,62,46,24,35,46,151,-1120,592,-256,213,,,
Dennis Gilbert,28,D,BUF,12.43,0.00,0.73,51,51,12.43,0.00,0.73,13.16,2,8,10,0,0,0,0,85,69,32,0,0,37,-907,482,-596,78,,,
Michael Amadio,28,RW,OTT,12.22,1.09,0.61,75,75,12.22,1.09,0.61,13.92,16,14,30,3,3,6,0,45,36,19,71,70,117,-1028,546,-291,187,,,
Justin Danforth,31,RW,CBJ,12.46,0.15,1.16,73,73,12.46,0.15,1.16,13.77,13,13,26,0,0,0,0,102,47,24,178,178,94,-973,517,-235,155,,,
Parker Wotherspoon,27,D,BOS,15.40,0.00,1.98,51,51,15.40,0.00,1.98,17.38,1,10,11,0,0,0,1,81,73,26,0,0,46,-909,483,-598,88,,,
Kale Clague,26,D,BUF,15.30,0.00,0.00,64,64,15.30,0.00,0.00,15.30,2,11,13,0,0,0,0,38,58,43,0,0,49,-916,486,-605,89,,,
Nicolas Aube-Kubel,28,RW,BUF,11.69,0.00,0.59,67,67,11.69,0.00,0.59,12.28,7,11,18,0,0,0,0,153,27,43,13,19,74,-1068,559,-331,111,,,
Travis Dermott,28,D,UFA,14.81,0.00,2.19,66,66,14.81,0.00,2.19,17.00,3,8,11,0,0,0,0,59,73,28,0,0,53,-925,489,-614,96,,,
Alex Wennberg,30,C,SJ,14.10,1.78,2.16,81,81,14.10,1.78,2.16,18.04,11,24,35,3,5,8,1,42,70,21,560,649,88,-1004,535,73,179,,,
Tyler Tucker,24,D,STL,12.92,0.00,0.62,44,44,12.92,0.00,0.62,13.54,2,4,6,0,0,0,0,89,48,47,0,0,34,-931,493,-620,61,,,
Christian Dvorak,28,C,MTL,12.93,1.83,1.91,78,78,12.93,1.83,1.91,16.67,14,21,35,4,4,8,1,30,65,20,538,436,105,-1018,543,58,195,,,
Noel Acciari,33,C,PIT,10.86,0.00,2.12,74,74,10.86,0.00,2.12,12.98,9,9,18,0,0,0,1,162,91,24,371,324,89,-1107,584,-31,153,,,
Evgenii Dadonov,35,RW,DAL,12.42,0.94,0.54,80,80,12.42,0.94,0.54,13.90,14,18,32,1,2,3,0,41,38,18,9,15,114,-1089,571,-351,183,,,
Austin Watson,33,LW,UFA,7.63,0.00,2.02,52,52,7.63,0.00,2.02,9.65,4,4,8,0,0,0,1,123,44,94,6,11,40,-1166,613,-301,70,,,
Haydn Fleury,28,D,WPG,14.82,0.00,0.99,50,50,14.82,0.00,0.99,15.81,2,5,7,0,0,0,0,61,79,32,0,0,56,-936,495,-625,95,,,
Kevin Hayes,32,C,PIT,13.06,1.61,0.28,80,80,13.06,1.61,0.28,14.95,14,22,36,2,4,6,0,40,22,19,443,376,161,-1073,561,3,228,,,
Filip Zadina,25,RW,SJ,12.03,1.34,0.53,75,75,12.03,1.34,0.53,13.90,13,12,25,3,2,5,0,49,37,19,22,53,143,-1083,567,-346,199,,,
Matthew Kessel,24,D,STL,16.19,0.00,0.75,55,55,16.19,0.00,0.75,16.94,2,9,11,0,0,0,0,56,87,22,0,0,49,-936,496,-625,97,,,
Hendrix Lapierre,22,C,WSH,12.75,1.65,0.00,76,76,12.75,1.65,0.00,14.40,14,23,37,2,6,8,0,52,49,14,193,293,101,-1207,624,-131,188,,,
Jon Merrill,32,D,MIN,12.64,0.00,0.58,72,72,12.64,0.00,0.58,13.22,3,9,12,0,0,0,0,41,79,30,0,0,45,-938,498,-627,93,,,
Noah Cates,25,LW,PHI,11.86,1.13,1.60,79,79,11.86,1.13,1.60,14.59,12,20,32,2,2,4,2,72,49,12,202,257,105,-1065,557,-200,178,,,
Ryan Poehling,26,C,PHI,12.15,0.91,1.93,78,78,12.15,0.91,1.93,14.99,12,18,30,2,3,5,3,62,80,12,422,454,126,-1086,569,-10,207,,,
Mike Hoffman,35,"LW,RW",UFA,12.39,1.63,0.00,75,75,12.39,1.63,0.00,14.02,12,17,29,3,5,8,0,24,31,29,18,24,103,-1088,570,-350,169,,,
Vasily Podkolzin,23,RW,EDM,10.58,0.00,0.00,74,74,10.58,0.00,0.00,10.58,5,9,14,0,0,0,0,216,22,25,10,22,77,-1093,573,-356,104,,,
Ryan Reaves,38,RW,TOR,8.48,0.00,0.00,70,70,8.48,0.00,0.00,8.48,5,6,11,0,0,0,0,207,23,50,5,5,37,-1096,574,-358,64,,,
Matt Martin,35,LW,UFA,9.65,0.00,0.00,72,72,9.65,0.00,0.00,9.65,5,6,11,0,0,0,0,184,34,57,12,16,59,-1170,615,-305,88,,,
Anthony Beauvillier,27,LW,PIT,12.73,1.34,0.43,79,79,12.73,1.34,0.43,14.50,11,17,28,3,3,6,0,58,40,15,45,46,141,-1154,609,-290,202,,,
William Lagesson,28,D,DET,13.73,0.00,1.33,53,53,13.73,0.00,1.33,15.06,1,7,8,0,0,0,0,82,67,31,0,0,39,-946,501,-635,75,,,
Matt Rempe,22,C,NYR,7.50,0.00,0.00,55,55,7.50,0.00,0.00,7.50,5,5,10,0,0,0,0,172,18,89,12,12,52,-1316,662,-240,74,,,
Casey Cizikas,33,C,NYI,11.90,0.00,1.86,75,75,11.90,0.00,1.86,13.76,9,11,20,0,0,0,2,130,64,41,384,338,88,-1123,593,-47,144,,,
Bobby Brink,23,RW,PHI,11.73,2.50,0.00,67,67,11.73,2.50,0.00,14.23,13,17,30,3,5,8,0,42,29,17,28,26,98,-1101,579,-364,166,,,
Filip Roos,26,D,CHI,15.64,0.00,0.00,55,55,15.64,0.00,0.00,15.64,3,9,12,0,0,0,0,46,70,23,0,0,58,-960,509,-649,101,,,
Justin Holl,33,D,DET,14.44,0.00,1.53,56,56,14.44,0.00,1.53,15.97,1,9,10,0,0,0,0,72,71,28,0,0,29,-962,511,-651,71,,,
Ross Johnston,30,LW,ANA,8.72,0.00,0.00,68,68,8.72,0.00,0.00,8.72,3,6,9,0,0,0,0,134,29,90,10,11,36,-1193,620,-329,61,,,
Joe Veleno,25,C,DET,12.18,1.11,0.76,81,81,12.18,1.11,0.76,14.05,11,15,26,3,3,6,1,107,40,28,298,325,92,-1179,617,-103,155,,,
Kasperi Kapanen,28,RW,STL,12.47,0.81,1.11,77,77,12.47,0.81,1.11,14.39,10,18,28,1,1,2,1,73,29,18,21,33,114,-1113,587,-376,168,,,
Josh Mahura,26,D,SEA,12.28,0.00,0.66,54,54,12.28,0.00,0.66,12.94,2,9,11,0,0,0,0,64,56,29,0,0,45,-966,513,-655,81,,,
Curtis Lazar,29,C,NJ,11.10,0.00,1.09,72,72,11.10,0.00,1.09,12.19,7,12,19,0,0,0,1,159,65,33,170,177,79,-1249,633,-173,133,,,
Ryan Johansen,32,C,UFA,11.67,2.01,0.45,71,71,11.67,2.01,0.45,14.13,14,16,30,5,4,9,0,56,26,38,500,434,87,-1074,562,2,157,,,
Chad Ruhwedel,34,D,NYR,11.15,0.00,1.94,67,67,11.15,0.00,1.94,13.09,2,5,7,0,0,0,0,107,68,14,0,0,47,-971,515,-660,82,,,
Kevin Stenlund,28,C,UTA,9.80,1.28,2.48,79,79,9.80,1.28,2.48,13.56,11,11,22,2,4,6,3,67,51,46,419,389,96,-1125,595,-49,157,,,
Ryan McLeod,25,C,BUF,13.25,0.92,1.34,81,81,13.25,0.92,1.34,15.51,14,21,35,1,2,3,2,60,38,20,391,387,114,-1141,603,-65,187,,,
Caleb Jones,27,D,LA,12.65,1.54,0.62,47,47,12.65,1.54,0.62,14.81,2,10,12,1,3,4,0,56,56,18,0,0,45,-978,520,-667,87,,,
Travis Boyd,31,C,MIN,10.27,2.18,0.98,78,78,10.27,2.18,0.98,13.43,13,22,35,3,5,8,0,40,53,23,238,264,74,-1226,628,-150,161,,,
Gustav Lindstrom,26,D,ANA,14.47,0.00,0.00,57,57,14.47,0.00,0.00,14.47,2,10,12,0,0,0,0,51,65,27,0,0,34,-986,525,-675,77,,,
Kaapo Kakko,23,RW,NYR,12.43,1.39,0.54,79,79,12.43,1.39,0.54,14.36,15,15,30,2,2,4,0,27,29,19,20,19,115,-1135,601,-397,179,,,
Boris Katchouk,26,LW,OTT,10.34,1.34,1.06,68,68,10.34,1.34,1.06,12.74,10,10,20,4,2,6,1,98,23,33,29,34,101,-1206,623,-342,146,,,
Marco Scandella,34,D,UFA,12.06,0.00,1.40,72,72,12.06,0.00,1.40,13.46,2,7,9,0,0,0,1,75,67,18,0,0,50,-987,527,-676,87,,,
Jakob Pelletier,23,"C,LW",CGY,12.16,2.34,0.00,59,59,12.16,2.34,0.00,14.50,11,16,27,5,5,10,0,45,32,17,47,52,116,-1197,621,-332,179,,,
Klim Kostin,25,C,SJ,10.30,0.00,0.00,68,68,10.30,0.00,0.00,10.30,9,10,19,0,0,0,0,137,22,65,12,16,56,-1358,667,-282,97,,,
Kaedan Korczak,24,D,VGK,16.13,0.00,0.00,48,48,16.13,0.00,0.00,16.13,2,10,12,0,0,0,0,72,54,14,0,0,58,-992,528,-681,94,,,
Teddy Blueger,30,C,VAN,12.37,0.00,2.09,73,73,12.37,0.00,2.09,14.46,8,20,28,0,0,0,3,93,50,32,401,365,97,-1152,607,-76,157,,,
Isaak Phillips,23,D,CHI,15.57,0.00,1.31,47,47,15.57,0.00,1.31,16.88,2,9,11,0,0,0,0,74,48,22,0,0,48,-994,530,-682,81,,,
Dominik Kubalik,29,LW,OTT,10.66,1.95,0.00,77,77,10.66,1.95,0.00,12.61,13,13,26,4,5,9,0,56,24,19,19,25,113,-1221,627,-357,172,,,
Nicholas Robertson,23,LW,TOR,10.88,1.48,0.00,66,66,10.88,1.48,0.00,12.36,15,16,31,2,4,6,0,41,29,12,30,34,121,-1218,625,-354,188,,,
Pavel Dorofeyev,24,LW,VGK,12.36,1.49,0.00,62,62,12.36,1.49,0.00,13.85,18,11,29,3,2,5,0,23,31,20,19,19,130,-1228,630,-364,196,,,
Brett Howden,26,C,VGK,11.75,0.00,1.16,78,78,11.75,0.00,1.16,12.91,10,12,22,0,0,0,1,94,59,46,181,210,77,-1280,646,-204,136,,,
Wyatt Kaiser,22,D,CHI,15.75,0.00,1.73,46,46,15.75,0.00,1.73,17.48,2,10,12,0,0,0,0,32,65,26,0,0,45,-1009,537,-698,87,,,
Joel Hanley,33,D,CGY,13.35,0.00,0.58,56,56,13.35,0.00,0.58,13.93,2,6,8,0,0,0,0,60,68,28,0,0,31,-1010,538,-699,69,,,
Christian Fischer,27,RW,DET,10.81,0.00,1.16,78,78,10.81,0.00,1.16,11.97,7,12,19,0,0,0,1,117,35,25,81,130,90,-1129,598,-391,131,,,
Connor Dewar,25,C,TOR,9.41,0.00,2.01,78,78,9.41,0.00,2.01,11.42,9,10,19,0,0,0,3,112,51,45,189,220,87,-1288,648,-212,136,,,
Joshua Roy,21,RW,MTL,11.64,0.00,0.00,74,74,11.64,0.00,0.00,11.64,13,14,27,0,0,0,0,50,49,13,46,50,107,-1157,610,-420,169,,,
Jack Drury,24,C,CAR,10.80,1.32,0.60,76,76,10.80,1.32,0.60,12.72,10,17,27,3,4,7,0,30,38,31,319,259,130,-1226,629,-150,190,,,
Pius Suter,28,C,VAN,12.53,1.67,1.42,75,75,12.53,1.67,1.42,15.62,15,17,32,2,4,6,1,45,33,16,230,242,121,-1275,643,-199,191,,,
Andreas Athanasiou,30,C,CHI,12.34,1.22,0.00,77,77,12.34,1.22,0.00,13.56,13,17,30,2,3,5,0,27,46,20,173,199,136,-1309,658,-233,204,,,
Kailer Yamamoto,26,RW,SEA,10.70,1.95,1.43,68,68,10.70,1.95,1.43,14.08,11,13,24,3,4,7,2,49,27,22,42,71,85,-1173,616,-435,141,,,
Nico Sturm,29,C,SJ,12.19,1.15,1.99,76,76,12.19,1.15,1.99,15.33,10,15,25,1,3,4,1,84,48,21,548,386,107,-1117,591,-41,167,,,
Oskar Sundqvist,30,C,STL,10.79,1.29,1.29,78,78,10.79,1.29,1.29,13.37,8,17,25,2,3,5,1,77,46,35,211,300,75,-1297,655,-221,136,,,
Mark Friedman,29,D,VAN,12.51,0.00,1.07,42,42,12.51,0.00,1.07,13.58,2,5,7,0,0,0,0,56,56,29,0,0,39,-1040,551,-729,70,,,
Dylan Coghlan,26,D,WPG,12.46,0.00,0.00,58,58,12.46,0.00,0.00,12.46,2,10,12,0,0,0,0,38,49,15,0,0,71,-1044,552,-733,104,,,
Rafael Harvey-Pinard,26,LW,MTL,11.07,1.00,1.80,65,65,11.07,1.00,1.80,13.87,10,13,23,3,2,5,1,72,72,15,30,45,60,-1267,640,-402,132,,,
Tomas Tatar,34,LW,NJ,11.82,0.80,0.53,76,76,11.82,0.80,0.53,13.15,12,17,29,1,1,2,0,46,32,23,14,24,94,-1280,645,-415,155,,,
Peyton Krebs,24,C,BUF,11.66,0.91,0.54,81,81,11.66,0.91,0.54,13.11,7,15,22,1,1,2,0,92,24,51,264,313,75,-1289,649,-213,119,,,
Arthur Kaliyev,23,RW,LA,10.30,1.80,0.00,62,62,10.30,1.80,0.00,12.10,11,11,22,4,2,6,0,32,16,20,5,5,132,-1219,626,-482,175,,,
Jesse Ylonen,25,RW,TB,12.22,1.61,0.00,64,64,12.22,1.61,0.00,13.83,10,17,27,2,4,6,0,34,42,11,38,37,82,-1203,622,-465,147,,,
Jimmy Vesey,31,LW,NYR,11.24,0.00,1.18,82,82,11.24,0.00,1.18,12.42,12,11,23,0,0,0,1,79,35,19,14,22,112,-1293,650,-429,161,,,
Tyler Motte,29,LW,DET,10.37,0.00,2.16,75,75,10.37,0.00,2.16,12.53,8,8,16,0,0,0,2,104,59,21,72,75,101,-1264,639,-400,147,,,
Jake Evans,28,C,MTL,12.56,0.00,3.08,77,77,12.56,0.00,3.08,15.64,7,19,26,0,0,0,2,67,62,30,512,481,87,-1168,614,-92,149,,,
Phillip Di Giuseppe,31,LW,VAN,11.30,0.00,1.18,66,66,11.30,0.00,1.18,12.48,9,9,18,0,0,0,1,104,28,35,17,25,88,-1294,653,-429,126,,,
Cody Glass,25,C,PIT,11.28,2.39,0.57,61,61,11.28,2.39,0.57,14.24,12,14,26,4,3,7,0,41,31,25,184,201,119,-1345,666,-269,178,,,
Conor Sheary,32,LW,TB,10.95,1.12,0.76,76,76,10.95,1.12,0.76,12.83,10,18,28,2,3,5,0,31,44,17,17,21,92,-1296,654,-432,157,,,
Ethan Bear,27,D,WSH,14.76,0.00,1.63,46,46,14.76,0.00,1.63,16.39,3,6,9,0,0,0,0,33,63,18,0,0,50,-1075,564,-764,87,,,
Alexander Alexeyev,25,D,WSH,13.76,0.00,0.72,53,53,13.76,0.00,0.72,14.48,1,6,7,0,0,0,0,59,77,11,0,0,37,-1076,565,-765,76,,,
Sam Steel,26,C,DAL,11.52,1.16,1.63,78,78,11.52,1.16,1.63,14.31,10,20,30,1,4,5,2,51,31,25,163,181,89,-1365,668,-289,153,,,
Noah Gregor,26,C,OTT,10.70,0.00,0.91,68,68,10.70,0.00,0.91,11.61,9,8,17,0,0,0,1,131,35,25,18,16,119,-1445,680,-369,156,,,
Brendan Lemieux,28,LW,CAR,8.52,0.00,0.65,50,50,8.52,0.00,0.65,9.17,4,5,9,0,0,0,0,99,16,81,12,22,47,-1311,659,-447,66,,,
Victor Olofsson,29,LW,VGK,12.00,1.55,0.00,74,74,12.00,1.55,0.00,13.55,15,15,30,3,3,6,0,29,18,7,5,8,121,-1316,661,-451,182,,,
Sonny Milano,28,LW,WSH,11.73,1.00,0.00,74,74,11.73,1.00,0.00,12.73,15,17,32,3,2,5,0,30,23,15,5,5,80,-1318,663,-454,149,,,
Sam Malinski,26,D,COL,14.57,0.00,0.00,44,44,14.57,0.00,0.00,14.57,3,8,11,0,0,0,0,31,48,17,0,0,51,-1092,572,-781,85,,,
Ryan Johnson,23,D,BUF,14.29,0.00,0.00,56,56,14.29,0.00,0.00,14.29,1,9,10,0,0,0,0,16,58,21,0,0,52,-1096,575,-785,86,,,
Spencer Stastney,25,D,NSH,14.91,0.00,1.72,42,42,14.91,0.00,1.72,16.63,3,9,12,0,0,0,1,15,65,16,0,0,37,-1099,576,-788,80,,,
Blake Lizotte,27,C,PIT,10.29,0.00,1.61,80,80,10.29,0.00,1.61,11.90,9,14,23,0,0,0,2,77,33,37,250,267,96,-1339,665,-263,143,,,
Jesper Fast,33,"C,RW",CAR,11.69,0.00,1.16,79,79,11.69,0.00,1.16,12.85,9,15,24,0,0,0,1,81,32,13,12,15,76,-1254,634,-516,126,,,
Frederick Gaudreau,31,C,MIN,11.29,1.24,1.79,79,79,11.29,1.24,1.79,14.32,10,17,27,2,4,6,1,30,52,13,344,353,119,-1293,651,-217,184,,,
Reese Johnson,26,C,MIN,9.71,0.00,1.26,66,66,9.71,0.00,1.26,10.97,5,6,11,0,0,0,1,164,28,46,88,86,66,-1433,679,-357,92,,,
Uvis Balinskis,28,D,FLA,14.42,0.00,0.78,46,46,14.42,0.00,0.78,15.20,2,6,8,0,0,0,0,50,43,19,0,0,44,-1109,585,-798,71,,,
Nikolai Knyzhov,26,D,PIT,15.82,0.00,1.27,38,38,15.82,0.00,1.27,17.09,2,5,7,0,0,0,0,36,58,23,0,0,34,-1111,586,-800,66,,,
Morgan Barron,26,C,WPG,9.43,0.00,1.47,78,78,9.43,0.00,1.47,10.90,9,9,18,0,0,0,1,117,43,26,59,70,95,-1454,683,-378,139,,,
John Beecher,23,C,BOS,9.60,0.00,1.70,76,76,9.60,0.00,1.70,11.30,10,7,17,0,0,0,1,120,48,35,363,306,63,-1293,652,-217,111,,,
Brett Leason,25,RW,ANA,10.50,0.00,2.18,70,70,10.50,0.00,2.18,12.68,9,9,18,0,0,0,1,67,56,15,20,24,90,-1262,638,-524,139,,,
Samuel Bolduc,24,D,NYI,13.32,0.00,0.00,48,48,13.32,0.00,0.00,13.32,2,6,8,0,0,0,0,52,53,12,0,0,44,-1114,588,-803,75,,,
Mavrik Bourque,23,C,DAL,12.32,0.00,0.00,72,72,12.32,0.00,0.00,12.32,11,14,25,0,0,0,0,59,34,33,207,237,99,-1378,672,-301,151,,,
Lukas Reichel,22,LW,CHI,12.61,2.01,0.00,67,67,12.61,2.01,0.00,14.62,11,14,25,3,3,6,0,26,32,18,82,100,98,-1307,657,-443,156,,,
Santeri Hatakka,24,D,NJ,14.68,0.00,1.66,36,36,14.68,0.00,1.66,16.34,2,7,9,0,0,0,0,45,46,17,0,0,39,-1117,589,-806,69,,,
Oliver Wahlstrom,24,RW,NYI,10.39,1.19,0.00,52,52,10.39,1.19,0.00,11.58,7,9,16,2,2,4,0,52,27,34,13,16,84,-1270,642,-533,121,,,
Kent Johnson,22,C,CBJ,11.61,2.34,0.00,72,72,11.61,2.34,0.00,13.95,12,19,31,3,4,7,0,17,29,15,29,44,110,-1479,690,-403,176,,,
Elmer Soderblom,23,"LW,RW",DET,11.61,0.00,0.00,60,60,11.61,0.00,0.00,11.61,11,10,21,0,0,0,0,61,30,22,38,40,77,-1270,641,-533,124,,,
Calle Jarnkrok,33,C,TOR,12.39,1.19,1.53,64,64,12.39,1.19,1.53,15.11,13,17,30,2,2,4,2,50,20,15,90,94,101,-1460,687,-384,161,,,
Brendan Brisson,23,C,VGK,11.90,0.00,0.00,76,76,11.90,0.00,0.00,11.90,9,18,27,0,0,0,0,74,30,23,68,68,89,-1477,689,-401,142,,,
Luke Glendening,35,C,TB,9.58,0.00,2.27,81,81,9.58,0.00,2.27,11.85,7,4,11,0,0,0,1,119,60,40,484,375,67,-1255,635,-179,108,,,
Trevor Lewis,38,C,LA,9.97,0.00,1.76,82,82,9.97,0.00,1.76,11.73,8,9,17,0,0,0,2,100,50,17,119,161,122,-1452,682,-376,163,,,
Akil Thomas,25,C,LA,12.00,0.00,0.00,72,72,12.00,0.00,0.00,12.00,10,14,24,0,0,0,0,58,33,32,245,230,97,-1385,673,-309,147,,,
Juuso Parssinen,23,C,NSH,13.01,1.76,0.00,58,58,13.01,1.76,0.00,14.77,10,15,25,2,4,6,0,77,24,21,129,177,71,-1447,681,-371,127,,,
Radek Faksa,31,C,STL,10.78,0.00,2.02,77,77,10.78,0.00,2.02,12.80,7,12,19,0,0,0,3,91,54,31,288,244,71,-1366,671,-290,121,,,
Ryan Shea,27,D,PIT,12.91,0.00,1.15,49,49,12.91,0.00,1.15,14.06,2,6,8,0,0,0,0,37,50,13,0,0,39,-1154,608,-843,69,,,
Justin Bailey,29,RW,SJ,10.93,0.00,0.63,68,68,10.93,0.00,0.63,11.56,7,11,18,0,0,0,0,85,34,13,25,30,83,-1302,656,-565,122,,,
Zac Jones,24,D,NYR,14.64,0.00,0.00,46,46,14.64,0.00,0.00,14.64,2,7,9,0,0,0,0,25,47,12,0,0,49,-1160,611,-849,78,,,
Emil Bemstrom,25,RW,PIT,9.99,1.45,0.00,64,64,9.99,1.45,0.00,11.44,9,11,20,3,2,5,0,35,29,11,12,16,101,-1313,660,-576,147,,,
Colin Blackwell,31,C,DAL,12.06,0.00,1.73,76,76,12.06,0.00,1.73,13.79,11,10,21,0,0,0,2,82,38,13,61,71,121,-1508,693,-432,167,,,
Jordan Oesterle,32,D,BOS,13.59,0.00,0.49,44,44,13.59,0.00,0.49,14.08,1,5,6,0,0,0,0,32,60,10,0,0,39,-1181,618,-870,69,,,
Pontus Holmberg,25,RW,TOR,10.54,0.00,1.02,62,62,10.54,0.00,1.02,11.56,7,12,19,0,0,0,0,52,42,24,116,145,56,-1280,644,-542,103,,,
Nathan Walker,30,LW,STL,10.54,0.00,0.45,58,58,10.54,0.00,0.45,10.99,7,8,15,0,0,0,0,111,42,21,37,37,55,-1399,676,-534,96,,,
Jacob Bryson,27,D,BUF,13.72,0.00,1.01,53,53,13.72,0.00,1.01,14.73,1,7,8,0,0,0,0,26,61,11,0,0,25,-1184,619,-873,60,,,
Tomas Nosek,32,LW,FLA,10.43,0.00,1.68,73,73,10.43,0.00,1.68,12.11,5,10,15,0,0,0,1,67,39,34,270,236,73,-1283,647,-419,109,,,
Connor Brown,31,RW,EDM,11.31,0.00,1.88,76,76,11.31,0.00,1.88,13.19,9,12,21,0,0,0,2,29,33,11,28,41,108,-1338,664,-600,151,,,
Zack MacEwen,28,C,OTT,7.26,1.26,0.00,54,54,7.26,1.26,0.00,8.52,4,5,9,1,2,3,0,94,17,66,42,28,46,-1553,700,-477,69,,,
Jakub Lauko,24,C,MIN,9.75,0.00,0.00,64,64,9.75,0.00,0.00,9.75,6,8,14,0,0,0,0,146,24,33,16,19,47,-1568,702,-492,79,,,
Craig Smith,35,C,CHI,10.35,0.00,0.00,75,75,10.35,0.00,0.00,10.35,11,10,21,0,0,0,0,51,29,24,5,7,115,-1577,705,-501,158,,,
Mitchell Chaffee,27,RW,TB,11.46,0.00,0.00,49,49,11.46,0.00,0.00,11.46,6,7,13,0,0,0,0,126,28,12,22,27,47,-1366,670,-628,79,,,
Matt Coronato,22,RW,CGY,11.37,2.03,0.00,51,51,11.37,2.03,0.00,13.40,8,12,20,3,3,6,0,20,16,11,35,45,93,-1365,669,-628,134,,,
Eric Robinson,29,LW,CAR,11.00,0.00,0.92,60,60,11.00,0.00,0.92,11.92,7,10,17,0,0,0,0,99,20,15,7,8,76,-1459,686,-594,109,,,
Brock McGinn,30,LW,UFA,10.04,0.00,1.58,72,72,10.04,0.00,1.58,11.62,7,8,15,0,0,0,1,84,39,16,18,25,76,-1457,685,-593,114,,,
Nick DeSimone,30,D,NJ,13.91,0.00,0.71,32,32,13.91,0.00,0.71,14.62,2,5,7,0,0,0,0,27,41,9,0,0,30,-1239,631,-928,56,,,
Jacob Moverare,26,D,LA,11.78,0.00,0.79,44,44,11.78,0.00,0.79,12.57,1,4,5,0,0,0,0,25,47,13,0,0,29,-1240,632,-929,53,,,
Simon Holmstrom,23,RW,NYI,11.73,0.00,1.40,76,76,11.73,0.00,1.40,13.13,10,11,21,0,0,0,2,21,45,10,15,21,72,-1392,675,-655,124,,,
Joey Anderson,26,RW,CHI,12.20,0.00,1.06,66,66,12.20,0.00,1.06,13.26,8,11,19,0,0,0,0,55,30,8,11,14,71,-1405,677,-667,112,,,
Jake Christiansen,25,D,CBJ,13.90,0.00,0.00,35,35,13.90,0.00,0.00,13.90,1,5,6,0,0,0,0,26,41,10,0,0,27,-1257,637,-946,51,,,
Mattias Janmark,32,C,EDM,10.57,0.00,1.83,77,77,10.57,0.00,1.83,12.40,7,12,19,0,0,0,1,46,29,35,36,45,75,-1621,710,-544,115,,,
David Kampf,30,C,TOR,11.27,0.00,2.49,81,81,11.27,0.00,2.49,13.76,8,12,20,0,0,0,1,74,31,15,486,471,84,-1385,674,-309,126,,,
Ty Dellandrea,24,C,SJ,10.98,0.00,1.92,59,59,10.98,0.00,1.92,12.90,6,9,15,0,0,0,1,80,27,33,113,152,70,-1588,707,-511,102,,,
Jesse Puljujarvi,26,RW,PIT,9.89,0.97,0.00,46,46,9.89,0.97,0.00,10.86,7,5,12,1,1,2,0,78,14,15,6,13,72,-1432,678,-695,97,,,
Philip Tomasino,23,C,NSH,11.18,1.94,0.00,52,52,11.18,1.94,0.00,13.12,8,16,24,2,5,7,0,19,24,14,11,25,80,-1648,714,-571,133,,,
Aliaksei Protas,24,C,WSH,12.31,0.00,0.75,75,75,12.31,0.00,0.75,13.06,7,16,23,0,0,0,0,34,41,10,52,71,101,-1633,713,-557,149,,,
Mason Shaw,26,C,WPG,8.74,0.00,1.43,44,44,8.74,0.00,1.43,10.17,4,6,10,0,0,0,1,64,20,59,23,13,56,-1651,717,-575,77,,,
Jonny Brodzinski,31,C,NYR,10.22,1.18,0.00,62,62,10.22,1.18,0.00,11.40,7,10,17,2,3,5,0,34,23,21,170,166,102,-1578,706,-502,139,,,
Dryden Hunt,29,LW,CGY,10.72,0.00,0.00,46,46,10.72,0.00,0.00,10.72,5,6,11,0,0,0,0,113,11,25,6,8,47,-1532,695,-668,68,,,
Joel Kiviranta,28,LW,COL,8.98,0.00,1.29,66,66,8.98,0.00,1.29,10.27,5,6,11,0,0,0,1,87,32,19,7,11,62,-1537,697,-673,90,,,
Vinni Lettieri,29,C,BOS,9.48,0.00,0.63,67,67,9.48,0.00,0.63,10.11,7,7,14,0,0,0,0,72,39,25,62,65,70,-1649,715,-573,107,,,
Julien Gauthier,27,RW,NYI,9.91,0.00,0.00,46,46,9.91,0.00,0.00,9.91,7,5,12,0,0,0,0,93,21,9,8,11,52,-1468,688,-731,80,,,
Kevin Labanc,29,C,UFA,11.04,1.06,0.00,58,58,11.04,1.06,0.00,12.10,6,10,16,1,2,3,0,62,23,20,11,18,79,-1687,720,-611,113,,,
Egor Afanasyev,24,LW,SJ,11.58,0.00,0.00,55,55,11.58,0.00,0.00,11.58,6,7,13,0,0,0,0,68,32,16,38,38,67,-1536,696,-671,99,,,
Nick Bonino,36,C,UFA,10.65,1.49,2.09,60,60,10.65,1.49,2.09,14.23,6,8,14,1,2,3,0,12,87,18,276,271,64,-1552,699,-476,122,,,
Alex Turcotte,23,C,LA,10.45,0.00,0.00,70,70,10.45,0.00,0.00,10.45,7,12,19,0,0,0,0,41,32,27,93,93,62,-1651,716,-575,104,,,
Walker Duehr,27,RW,CGY,8.75,0.00,0.00,52,52,8.75,0.00,0.00,8.75,6,7,13,0,0,0,0,78,15,10,10,14,53,-1495,692,-757,79,,,
Grigori Denisenko,24,LW,VGK,11.00,0.00,0.00,55,55,11.00,0.00,0.00,11.00,5,9,14,0,0,0,0,62,25,19,37,37,57,-1557,701,-693,87,,,
William Lockwood,26,RW,FLA,9.50,0.00,0.00,46,46,9.50,0.00,0.00,9.50,3,6,9,0,0,0,0,76,17,25,29,29,42,-1490,691,-752,61,,,
Ivan Miroshnichenko,20,LW,WSH,11.89,0.00,0.00,42,42,11.89,0.00,0.00,11.89,6,7,13,0,0,0,0,86,15,13,25,28,61,-1571,704,-707,86,,,
Steven Lorentz,28,C,UFA,8.73,1.23,0.73,55,55,8.73,1.23,0.73,10.69,6,7,13,2,3,5,0,85,22,12,113,115,62,-1670,718,-594,95,,,
Jesper Boqvist,26,C,FLA,11.03,0.00,0.62,61,61,11.03,0.00,0.62,11.65,8,11,19,0,0,0,0,76,22,9,75,141,66,-1691,721,-615,105,,,
Jakub Vrana,28,LW,WSH,10.90,1.79,0.00,40,40,10.90,1.79,0.00,12.69,10,7,17,3,0,3,0,17,11,14,7,26,83,-1590,708,-725,118,,,
Ryan Carpenter,34,C,UFA,9.58,0.00,1.35,69,69,9.58,0.00,1.35,10.93,5,7,12,0,0,0,0,71,38,25,240,252,60,-1605,709,-529,92,,,
Sam Gagner,35,C,UFA,9.75,1.51,0.00,50,50,9.75,1.51,0.00,11.26,9,9,18,1,2,3,0,23,22,18,37,28,79,-1727,728,-651,119,,,
Pierre-Edouard Bellemare,39,LW,UFA,8.39,0.00,1.96,67,67,8.39,0.00,1.96,10.35,5,8,13,0,0,0,2,40,38,19,284,256,53,-1457,684,-592,87,,,
Derek Ryan,38,C,EDM,8.86,0.00,1.51,76,76,8.86,0.00,1.51,10.37,7,10,17,0,0,0,2,53,36,14,232,189,62,-1630,712,-553,103,,,
Hudson Fasching,29,RW,NYI,11.92,0.00,0.00,50,50,11.92,0.00,0.00,11.92,6,9,15,0,0,0,0,32,29,9,8,10,49,-1539,698,-802,84,,,
Matthew Phillips,26,RW,COL,10.07,1.58,0.00,49,49,10.07,1.58,0.00,11.65,5,11,16,1,3,4,0,18,22,8,31,31,43,-1532,694,-795,81,,,
Isac Lundestrom,25,C,ANA,11.94,0.00,2.01,71,71,11.94,0.00,2.01,13.95,7,10,17,0,0,0,1,58,46,6,260,317,58,-1625,711,-549,103,,,
Kyle MacLean,25,C,NYI,10.65,0.00,0.00,50,50,10.65,0.00,0.00,10.65,6,8,14,0,0,0,0,87,15,19,144,189,45,-1703,723,-627,74,,,
Brendan Gaunce,30,C,MIN,11.01,0.00,0.82,44,44,11.01,0.00,0.82,11.83,6,6,12,0,0,0,0,78,20,19,155,136,58,-1707,725,-630,84,,,
Alex Barre-Boulet,27,C,MTL,11.00,0.00,0.00,50,50,11.00,0.00,0.00,11.00,7,9,16,0,0,0,0,46,21,18,9,9,61,-1792,736,-716,94,,,
Olle Lycksell,25,RW,PH,10.73,0.00,0.00,40,40,10.73,0.00,0.00,10.73,5,7,12,0,0,0,0,19,14,16,29,31,65,-1569,703,-832,87,,,
Cole Guttman,25,C,CHI,11.17,2.12,0.00,42,42,11.17,2.12,0.00,13.29,8,8,16,2,2,4,0,20,21,11,122,114,78,-1741,729,-665,115,,,
Jansen Harkins,27,C,ANA,8.49,0.00,0.00,64,64,8.49,0.00,0.00,8.49,4,7,11,0,0,0,0,72,21,22,9,7,50,-1811,737,-735,74,,,
Tyson Jost,26,C,CAR,10.24,0.00,0.80,58,58,10.24,0.00,0.80,11.04,5,7,12,0,0,0,0,50,27,19,117,162,65,-1756,730,-680,92,,,
Patrick Brown,32,C,BOS,10.32,0.00,1.02,39,39,10.32,0.00,1.02,11.34,3,5,8,0,0,0,0,92,27,20,126,104,38,-1764,733,-688,60,,,
Jake Leschyshyn,25,C,NYR,9.66,0.00,0.00,65,65,9.66,0.00,0.00,9.66,3,5,8,0,0,0,0,87,27,16,199,204,55,-1726,727,-650,75,,,
Mark Jankowski,30,C,NSH,11.18,0.00,1.37,50,50,11.18,0.00,1.37,12.55,8,10,18,0,0,0,2,19,24,14,138,132,60,-1761,731,-685,99,,,
Jaret Anderson-Dolan,25,C,WPG,10.60,0.00,0.78,49,49,10.60,0.00,0.78,11.38,4,7,11,0,0,0,0,74,35,9,38,45,53,-1815,738,-739,82,,,
Mikael Pyyhtia,23,LW,CBJ,12.12,0.00,1.32,40,40,12.12,0.00,1.32,13.44,4,7,11,0,0,0,0,30,33,9,31,35,55,-1694,722,-829,83,,,
Kevin Rooney,31,C,CGY,9.14,0.00,2.53,47,47,9.14,0.00,2.53,11.67,5,4,9,0,0,0,1,83,39,8,131,152,41,-1784,735,-708,71,,,
Landon Slaggert,22,LW,CHI,11.44,0.00,0.00,39,39,11.44,0.00,0.00,11.44,4,7,11,0,0,0,0,41,17,14,28,32,38,-1715,726,-851,62,,,
Zach Sanford,30,LW,CHI,10.67,0.00,0.00,44,44,10.67,0.00,0.00,10.67,3,6,9,0,0,0,0,40,34,12,50,95,36,-1706,724,-842,63,,,
Jacob Lucchini,29,C,NSH,9.73,0.00,0.85,51,51,9.73,0.00,0.85,10.58,4,6,10,0,0,0,0,34,21,28,67,81,34,-1864,744,-788,58,,,
Jonas Rondbjerg,25,RW,VGK,10.46,0.00,1.01,39,39,10.46,0.00,1.01,11.47,4,5,9,0,0,0,0,19,20,6,12,14,47,-1680,719,-942,68,,,
David Gustafsson,24,C,WPG,8.83,0.00,1.01,64,64,8.83,0.00,1.01,9.84,4,8,12,0,0,0,0,43,33,6,164,144,52,-1816,740,-740,82,,,
Axel Jonsson-Fjallby,26,LW,WPG,8.48,0.00,0.92,46,46,8.48,0.00,0.92,9.40,4,6,10,0,0,0,0,45,16,6,6,9,43,-1763,732,-899,64,,,
Rasmus Kupari,24,C,WPG,8.55,0.00,0.82,62,62,8.55,0.00,0.82,9.37,3,6,9,0,0,0,0,55,25,12,168,186,55,-1816,739,-740,76,,,
Nils Aman,24,C,VAN,9.42,0.00,1.39,58,58,9.42,0.00,1.39,10.81,4,7,11,0,0,0,1,40,32,14,108,139,38,-1851,743,-775,68,,,
Zach Aston-Reese,30,C,VGK,10.41,0.00,1.00,35,35,10.41,0.00,1.00,11.41,4,3,7,0,0,0,0,79,21,12,7,7,37,-1915,750,-839,56,,,
Cole Koepke,26,LW,BOS,10.82,0.00,0.00,32,32,10.82,0.00,0.00,10.82,3,5,8,0,0,0,0,50,13,10,23,23,31,-1779,734,-915,48,,,
Jack Studnicka,25,C,LA,10.62,0.00,0.81,44,44,10.62,0.00,0.81,11.43,3,4,7,0,0,0,0,58,21,14,113,159,47,-1877,745,-801,64,,,
Marat Khusnutdinov,22,C,MIN,11.86,0.00,1.28,39,39,11.86,0.00,1.28,13.14,3,8,11,0,0,0,0,42,22,18,101,105,23,-1883,747,-807,49,,,
Michael Sgarbossa,32,C,WSH,11.10,0.00,0.00,45,45,11.10,0.00,0.00,11.10,6,6,12,0,0,0,0,34,13,10,93,110,45,-1904,749,-828,70,,,
Chris Tierney,30,C,UFA,8.75,0.00,0.85,60,60,8.75,0.00,0.85,9.60,4,8,12,0,0,0,0,23,23,15,141,120,32,-1881,746,-805,60,,,
Colin White (C),28,C,UFA,9.30,0.84,0.82,48,48,9.30,0.84,0.82,10.96,3,5,8,1,1,2,0,41,22,9,88,134,41,-1920,751,-844,63,,,
Matt Nieto,32,LW,PIT,9.69,1.09,2.26,30,30,9.69,1.09,2.26,13.04,3,5,8,1,1,2,0,19,15,7,6,6,28,-1841,742,-977,48,,,
Lukas Rousek,25,LW,BUF,11.45,0.00,0.00,38,38,11.45,0.00,0.00,11.45,2,7,9,0,0,0,0,24,17,8,33,28,20,-1833,741,-969,40,,,
Liam Foudy,24,C,NYI,11.15,0.00,1.13,39,39,11.15,0.00,1.13,12.28,5,5,10,0,0,0,0,37,15,7,13,15,42,-1983,755,-907,64,,,
Nikita Alexandrov,24,C,STL,9.23,0.00,0.00,42,42,9.23,0.00,0.00,9.23,3,5,8,0,0,0,0,47,16,10,71,104,33,-1961,753,-885,51,,,
Ben Meyers,26,C,SEA,9.91,0.00,0.81,43,43,9.91,0.00,0.81,10.72,3,4,7,0,0,0,0,52,14,11,87,101,30,-1960,752,-884,46,,,
Vinnie Hinostroza,30,C,NSH,12.38,0.00,0.58,33,33,12.38,0.00,0.58,12.96,4,8,12,0,0,0,0,6,12,10,9,13,45,-2012,757,-936,67,,,
Devin Shore,30,C,MIN,8.30,0.00,0.55,42,42,8.30,0.00,0.55,8.85,2,6,8,0,0,0,0,38,20,6,53,54,29,-2007,756,-931,48,,,
Mitchell Stephens,27,C,SEA,8.87,0.00,1.10,44,44,8.87,0.00,1.10,9.97,3,5,8,0,0,0,0,20,17,12,145,122,31,-1966,754,-890,50,,,
James Hamblin,25,LW,EDM,9.25,0.00,0.00,28,28,9.25,0.00,0.00,9.25,3,3,6,0,0,0,0,15,15,4,70,69,21,-1886,748,-1022,37,,,